"Descriptions:","Unit:","Multiplier:","Currency:","Unique Identifier:","Series Name:",1945Q4,1946Q4,1947Q4,1948Q4,1949Q4,1950Q4,1951Q4,1952Q1,1952Q2,1952Q3,1952Q4,1953Q1,1953Q2,1953Q3,1953Q4,1954Q1,1954Q2,1954Q3,1954Q4,1955Q1,1955Q2,1955Q3,1955Q4,1956Q1,1956Q2,1956Q3,1956Q4,1957Q1,1957Q2,1957Q3,1957Q4,1958Q1,1958Q2,1958Q3,1958Q4,1959Q1,1959Q2,1959Q3,1959Q4,1960Q1,1960Q2,1960Q3,1960Q4,1961Q1,1961Q2,1961Q3,1961Q4,1962Q1,1962Q2,1962Q3,1962Q4,1963Q1,1963Q2,1963Q3,1963Q4,1964Q1,1964Q2,1964Q3,1964Q4,1965Q1,1965Q2,1965Q3,1965Q4,1966Q1,1966Q2,1966Q3,1966Q4,1967Q1,1967Q2,1967Q3,1967Q4,1968Q1,1968Q2,1968Q3,1968Q4,1969Q1,1969Q2,1969Q3,1969Q4,1970Q1,1970Q2,1970Q3,1970Q4,1971Q1,1971Q2,1971Q3,1971Q4,1972Q1,1972Q2,1972Q3,1972Q4,1973Q1,1973Q2,1973Q3,1973Q4,1974Q1,1974Q2,1974Q3,1974Q4,1975Q1,1975Q2,1975Q3,1975Q4,1976Q1,1976Q2,1976Q3,1976Q4,1977Q1,1977Q2,1977Q3,1977Q4,1978Q1,1978Q2,1978Q3,1978Q4,1979Q1,1979Q2,1979Q3,1979Q4,1980Q1,1980Q2,1980Q3,1980Q4,1981Q1,1981Q2,1981Q3,1981Q4,1982Q1,1982Q2,1982Q3,1982Q4,1983Q1,1983Q2,1983Q3,1983Q4,1984Q1,1984Q2,1984Q3,1984Q4,1985Q1,1985Q2,1985Q3,1985Q4,1986Q1,1986Q2,1986Q3,1986Q4,1987Q1,1987Q2,1987Q3,1987Q4,1988Q1,1988Q2,1988Q3,1988Q4,1989Q1,1989Q2,1989Q3,1989Q4,1990Q1,1990Q2,1990Q3,1990Q4,1991Q1,1991Q2,1991Q3,1991Q4,1992Q1,1992Q2,1992Q3,1992Q4,1993Q1,1993Q2,1993Q3,1993Q4,1994Q1,1994Q2,1994Q3,1994Q4,1995Q1,1995Q2,1995Q3,1995Q4,1996Q1,1996Q2,1996Q3,1996Q4,1997Q1,1997Q2,1997Q3,1997Q4,1998Q1,1998Q2,1998Q3,1998Q4,1999Q1,1999Q2,1999Q3,1999Q4,2000Q1,2000Q2,2000Q3,2000Q4,2001Q1,2001Q2,2001Q3,2001Q4,2002Q1,2002Q2,2002Q3,2002Q4,2003Q1,2003Q2,2003Q3,2003Q4,2004Q1,2004Q2,2004Q3,2004Q4,2005Q1,2005Q2,2005Q3,2005Q4,2006Q1,2006Q2,2006Q3,2006Q4,2007Q1,2007Q2,2007Q3,2007Q4,2008Q1,2008Q2,2008Q3,2008Q4,2009Q1,2009Q2,2009Q3,2009Q4,2010Q1,2010Q2,2010Q3,2010Q4,2011Q1,2011Q2,2011Q3,2011Q4,2012Q1,2012Q2,2012Q3,2012Q4,2013Q1,2013Q2,2013Q3,2013Q4,2014Q1,2014Q2,2014Q3,2014Q4,2015Q1,2015Q2,2015Q3,2015Q4,2016Q1,2016Q2,2016Q3,2016Q4,2017Q1,2017Q2,2017Q3,2017Q4,2018Q1,2018Q2,2018Q3,2018Q4,2019Q1,2019Q2,2019Q3,2019Q4,2020Q1,2020Q2,2020Q3,2020Q4,2021Q1,2021Q2,2021Q3,2021Q4,2022Q1,2022Q2,2022Q3,2022Q4,2023Q1,2023Q2,2023Q3,2023Q4,2024Q1,2024Q2,2024Q3,2024Q4,2025Q1,2025Q2,2025Q3,2025Q4,2026Q1
"Households and nonprofit organizations; total assets","Currency","1000000","USD",Z1/Z1/FL152000005.Q,FL152000005.Q,837200,922657,1030667,1092128,1142486,1248246,1366090,1385094,1411929,1427783,1436132,1448829,1455555,1472672,1496856,1519504,1545012,1584701,1607212,1632189,1674424,1719116,1745160,1790019,1805577,1827461,1870250,1884573,1926835,1928251,1948078,1980597,2011466,2069235,2105227,2128286,2163094,2182385,2222783,2231935,2256824,2256755,2315601,2366910,2395773,2436484,2499627,2514005,2426157,2471820,2584247,2621874,2663708,2713000,2716669,2767488,2821452,2874619,2927551,2975323,2982011,3066643,3155924,3166215,3208151,3183356,3278452,3384891,3433387,3526004,3614917,3629486,3780540,3849846,4031834,4048863,4067873,4095198,4124085,4144665,4087695,4222324,4354327,4520652,4608501,4681386,4818473,4984763,5069698,5210151,5475169,5512850,5571543,5773154,5752964,5787999,5791549,5769846,5921639,6174196,6421489,6437033,6627656,6837420,7040830,7181765,7377973,7503834,7721846,7899404,8094419,8290585,8587671,8881371,9105801,9448538,9771889,10101617,10417567,10651022,11015422,11442562,11806335,12009710,12333086,12469682,12814949,12966703,13130392,13359070,13713199,14047304,14395172,14611446,14774639,15066020,15362364,15753985,16110967,16587056,17002576,17300331,17917930,18445026,18887772,19157429,19812864,20441673,20822113,21311983,21313576,21863349,22378827,22779318,23345033,23819374,24335284,24959582,25440955,25549893,25914678,25843728,26365928,26894712,27044601,27425232,28082246,28110646,28272859,28723882,29396895,29740507,30098028,30616776,31162501,31343264,31639482,32123722,32470469,33067564,33765327,34337982,35156555,35779816,36371130,36788576,37626019,37971699,39464335,40618186,41344543,43043455,43901630,43363671,45580533,45980908,47267121,47400925,50113435,51281558,51486678,52315755,51907009,51765028,53252272,52464747,54084444,54896757,54499499,53616078,54791207,55244937,57527065,58696597,60856978,63550019,64756375,66286823,68877549,70005478,71873087,73921667,75630725,78012905,78642011,80092467,81866249,82965191,83968674,85027483,84426387,82360854,81211611,78955323,75516223,73572051,73950382,75689916,75825204,76962105,76353453,78329821,80032985,81090901,81448410,79570478,81013764,82918279,82995038,84899401,85901838,88689180,89967357,92560134,94949271,96640304,98900144,99578123,101221373,102827053,103806882,102964407,104445187,105596071,107438603,109329182,110107097,112516911,114866884,116678391,119458641,120572068,121937789,124180224,119875965,125350404,128449176,129133434,132199662,126396090,134030372,139130911,147749279,153534082,161782352,165744721,170307266,171217715,165744637,162459883,163634528,167325553,173364055,172394313,176785749,182469046,185616241,189900811,190620928,190482710,196975281,202414065,204373493,204539939
"Households and nonprofit organizations; nonfinancial assets","Currency","1000000","USD",Z1/Z1/FL152010005.Q,FL152010005.Q,189327,220716,280815,313686,340071,387297,430932,437115,448848,453488,463998,472950,481976,493036,493418,498301,501395,510860,520894,527830,540617,555200,565453,577329,588163,599569,608073,619052,630622,639377,643776,644343,650043,660430,670313,674223,686600,697397,706020,720531,726936,734741,737552,736009,748133,759552,769614,779404,786518,793692,803569,813441,817641,830885,839163,843874,860173,869241,884104,895205,903703,912541,930933,935818,971316,979816,1005985,1013799,1028915,1047817,1074444,1104944,1130409,1152240,1200814,1233241,1259294,1278066,1308558,1318182,1356658,1362718,1390677,1426998,1460893,1490696,1517841,1570853,1600621,1649560,1714199,1758656,1819083,1891184,1943148,1944362,1962169,2002021,2064417,2142403,2216133,2228768,2286518,2335041,2420317,2471455,2543119,2630011,2742979,2839343,2947334,3042463,3172605,3288652,3407984,3561950,3717513,3845262,3961948,4113142,4223728,4369625,4451130,4514682,4715758,4842006,4916768,5030489,5075194,5096982,5148139,5221901,5290283,5365336,5444411,5648683,5826507,5993672,6150304,6324809,6521392,6732066,6937161,7076987,7264499,7464725,7644160,7820609,8009484,8195217,8330141,8514062,8751511,8929484,9094409,9256889,9431993,9674610,9817681,9869598,9968788,10074386,10083770,10111638,10181563,10251937,10308657,10376685,10441606,10565839,10665051,10695116,10834811,10984914,11136594,11248794,11403891,11554846,11662709,11759561,11881625,11818658,11929586,12072254,12204042,12340969,12485007,12648881,12804605,12977808,13201837,13418950,13732864,14006843,14293333,14491820,14829136,15231603,15542401,15955732,16537262,17067084,17550710,18300878,18748661,19181930,19539098,19996532,20403325,20849883,21311277,21773567,22221213,22668114,23178276,24023201,24785580,25653970,26439541,27241011,28061154,28976263,29772990,29983516,30504157,30893902,31094966,30958707,30983141,30895027,30597862,29790997,29287663,28726818,28106387,27445907,26706796,26335383,26047360,25993180,26021850,25869439,25659966,25402066,25318700,25266739,25230781,25076736,25286429,25592719,25843224,26307355,26938543,27599012,27974898,28243748,28803226,29295426,29662051,30129735,30732482,31226033,31565889,31854364,32555794,33208613,33674239,34101140,34867915,35344230,35877897,36627180,37096702,37620193,37221646,37340995,38566128,38653327,38516367,39580990,40058740,41470622,42799612,44604982,48028562,50287295,51332303,54383340,56890890,55753863,54785935,55141550,57847877,58291907,57666475,58761679,60564819,60315570,60076307,60707431,62001219,61968128,61755054,62934730
"Households and nonprofit organizations; total financial assets ","Currency","1000000","USD",Z1/Z1/FL154090005.Q,FL154090005.Q,647873,701941,749852,778442,802415,860949,935158,947979,963081,974295,972134,975879,973579,979636,1003438,1021203,1043617,1073841,1086318,1104359,1133807,1163916,1179707,1212690,1217414,1227892,1262177,1265521,1296213,1288874,1304302,1336254,1361423,1408805,1434914,1454063,1476494,1484988,1516763,1511404,1529888,1522014,1578049,1630901,1647640,1676932,1730013,1734601,1639639,1678128,1780678,1808433,1846067,1882115,1877506,1923614,1961279,2005378,2043447,2080118,2078308,2154102,2224991,2230397,2236835,2203540,2272467,2371092,2404472,2478187,2540473,2524542,2650131,2697606,2831020,2815622,2808579,2817132,2815527,2826483,2731037,2859606,2963650,3093654,3147608,3190690,3300632,3413910,3469077,3560591,3760970,3754194,3752460,3881970,3809816,3843637,3829380,3767825,3857222,4031793,4205356,4208265,4341138,4502379,4620513,4710310,4834854,4873823,4978867,5060061,5147085,5248122,5415066,5592719,5697817,5886588,6054376,6256355,6455619,6537880,6791694,7072937,7355205,7495028,7617328,7627676,7898181,7936214,8055198,8262088,8565060,8825403,9104889,9246110,9330228,9417337,9535857,9760313,9960663,10262247,10481184,10568265,10980769,11368039,11623273,11692704,12168704,12621064,12812629,13116766,12983435,13349287,13627316,13849834,14250624,14562485,14903291,15284972,15623274,15680295,15945890,15769342,16282158,16783074,16863038,17173295,17773589,17733961,17831253,18158043,18731844,19045391,19263217,19631862,20025907,20094470,20235591,20568876,20807760,21308003,21883702,22519324,23226969,23707562,24167088,24447607,25141012,25322818,26659730,27640378,28142706,29624505,30168766,29356828,31287200,31489088,32437985,32169322,34571034,35325826,34949416,35248671,34356299,33464150,34503611,33282817,34545346,34900225,34096174,32766195,33479930,33471370,35305852,36028483,37678702,39526818,39970795,40632853,42438008,42764467,43811933,44945404,45857735,48029389,48137854,49198565,50771283,52006484,52985533,54132456,53828525,52569857,51923948,50228505,47409836,46126144,47243586,49354533,49777844,50968925,50331603,52460382,54373019,55688835,56129710,54303739,55782983,57841543,57708609,59306682,60058614,62381825,63028814,64961122,66974373,68396556,70096918,70282697,71559322,72697318,73074400,71738374,72879298,73741707,74882809,76120569,76432858,78415771,79998969,81334161,83580744,83944888,84841087,86560031,82654319,88009409,89883048,90480107,93683295,86815100,93971632,97660289,104949667,108929100,113753790,115457426,118974963,116834375,108853747,106706020,108848593,112184003,115516178,114102406,119119274,123707367,125051422,129585241,130544621,129775279,134974062,140445937,142618439,141605209
"Households and nonprofit organizations; total currency and deposits; asset","Currency","1000000","USD",Z1/Z1/FL154000005.Q,FL154000005.Q,108693,120598,124089,123835,124510,129169,138346,138706,139181,143473,147805,150416,149761,153908,157133,157516,159413,165202,168284,170023,170134,175011,177800,179208,180728,184955,188841,190956,192241,196665,199551,202912,203410,211774,216184,218265,221237,227012,229104,229259,231115,237823,242843,245986,249689,255219,260491,265056,269768,277439,286577,294687,300792,308199,317421,320509,328292,338661,346262,351644,358175,369738,380386,384390,388647,393521,400623,410212,421877,433295,445900,450725,458177,470260,484971,482576,488918,486112,492052,489065,503472,525253,541812,565757,586950,602006,622731,641738,660025,683906,708033,729042,746664,760116,778900,796557,812680,821374,840529,855969,884517,901957,924051,948116,977145,999263,1026552,1061620,1085378,1118879,1142911,1172027,1197852,1228961,1250287,1266158,1289354,1323380,1336486,1351848,1375253,1425264,1478236,1484310,1513084,1548157,1621645,1663783,1706113,1742196,1817986,1897446,1949326,2005192,2050786,2099798,2176437,2226469,2309314,2347103,2384073,2425103,2447983,2483776,2533275,2586779,2687903,2664479,2710000,2754913,2825409,2882082,2924236,2967477,3022972,3030840,3025638,3050454,3094683,3096358,3100713,3115284,3158070,3170937,3125582,3111435,3124719,2986258,2960215,2955494,2988527,2920410,2916790,2925916,2918944,2896556,2855382,2863271,2865504,2893099,2936427,2934500,2954751,3014964,3013479,3035365,3044308,3057688,3079103,3108571,3154663,3146201,3140935,3141483,3250881,3235357,3208007,3237353,3320683,3369208,3374963,3381242,3476855,3664976,3700696,3761006,3845270,3945643,3953314,4072343,4118985,4298160,4378968,4390029,4451842,4594247,4676088,4713156,4846242,4976249,5043472,5150182,5225114,5452820,5517246,5605494,5697567,5913756,5907586,5955996,6143268,6339409,6213868,6371144,6627625,6555277,6544364,6524962,6744367,6713519,6683769,6758546,6722580,6912493,7053149,7210576,7371074,7457692,7460800,7482209,7722733,7784798,7849733,7951495,8032471,8251999,8328317,8439385,8537687,8859658,8929917,8974388,9207053,9470456,9469947,9701152,9842322,10096556,10013682,10061814,10206958,10509237,10434752,10295176,10465705,10729259,10619281,10631079,11076823,11519737,12455888,12777552,13520963,14392752,14511677,14710668,15248905,15573979,15460507,15257700,14914995,14568359,14408995,14247681,14324800,14575109,14273452,14275843,14465720,14709359,14718126,14786949,14849584,15177397
"Households and nonprofit organizations; money market fund shares; asset","Currency","1000000","USD",Z1/Z1/FL153034005.Q,FL153034005.Q,0,0,0,0,0,0,0,0,0,0,0,0,0,0,0,0,0,0,0,0,0,0,0,0,0,0,0,0,0,0,0,0,0,0,0,0,0,0,0,0,0,0,0,0,0,0,0,0,0,0,0,0,0,0,0,0,0,0,0,0,0,0,0,0,0,0,0,0,0,0,0,0,0,0,0,0,0,0,0,0,0,0,0,0,0,0,0,0,0,0,0,0,0,0,0,263,570,1386,2379,3620,3661,3708,3645,3557,3341,3322,3099,2939,3017,2956,3197,4734,6050,7215,8928,15693,22681,29822,39459,54525,69928,70003,64366,98522,108564,137398,154610,164885,175381,201364,186712,164329,150654,150913,149944,163904,166718,167650,194318,201589,207124,203542,206063,223253,234247,250254,246652,258846,256795,262175,272141,296133,278076,275807,285064,310778,332092,364163,378599,405408,390937,413995,420793,468104,446878,442742,445494,467341,448536,439888,424952,433407,424119,420899,430286,443819,437726,447532,468051,488421,517225,530516,556982,609954,599424,621546,652572,693981,685712,714233,744849,806597,821838,894009,954349,1012262,991575,1024374,1120484,1186131,1158353,1207534,1295928,1429578,1426440,1492368,1567428,1536693,1485486,1457111,1530305,1482264,1451615,1401333,1364121,1323820,1280612,1238347,1240100,1197229,1173209,1190848,1261824,1263564,1302150,1369575,1465930,1516991,1579703,1794804,1967809,2187063,2113556,2113460,2358434,2330501,2209807,2046688,1962281,1753725,1649489,1645704,1790015,1738512,1712377,1684238,1711674,1648008,1598534,1645634,1749274,1672981,1637997,1665839,1680271,1676708,1615152,1647053,1676780,1642116,1621363,1690340,1723637,1700819,1632907,1600035,1580196,1535523,1516014,1576512,1653051,1621841,1659153,1657997,1826258,1946472,1907539,2149799,2271791,2735697,2952335,2790277,2696600,2788216,2774432,2710368,2805942,2778899,2839468,2930251,3097217,3445483,3641298,3840490,4030555,4103739,4190850,4396625,4707193,4793740,4843143,5030185,5328951,5419131
"Households and nonprofit organizations; directly and indirectly held debt securities; asset","Currency","1000000","USD",Z1/Z1/LM154022375.Q,LM154022375.Q,36968,33482,31281,30677,29404,30094,30221,32780,35001,36733,37238,37350,41237,41625,41020,41463,40964,39990,39806,41555,43169,45344,46506,48815,50121,52124,52704,55381,56573,58986,59808,60448,58962,57572,58802,61732,62867,66127,69671,75131,76053,75561,74999,73709,73848,74494,75881,75876,75648,77076,76171,72519,71593,72275,74097,75843,76305,77377,78024,79620,79303,80999,80486,87702,89068,95020,96719,95107,90241,94279,97326,100894,101717,102684,100541,112566,110506,125839,132804,141870,135696,137160,135733,131523,128605,133240,129362,130994,128596,130266,128743,135147,136233,147424,149235,157528,157250,147842,157944,156355,156049,172332,183803,181489,185221,189893,192676,194028,191353,195190,200794,206765,210020,216610,217227,230576,247311,252111,287606,306895,313675,321615,331666,335412,341645,363540,375409,398104,417015,452641,452538,475188,509480,554433,547666,575996,632569,676793,682472,764959,795049,840990,908965,953225,991507,1018158,1082832,1143478,1194382,1237380,1231483,1225881,1256644,1302228,1385842,1414332,1454589,1490308,1504697,1507239,1556548,1594288,1688301,1692824,1755494,1810687,1883732,1894255,1915006,1970767,2004090,2084768,2104377,2142670,2229977,2255487,2323190,2343231,2443576,2432052,2425762,2477100,2571012,2544117,2631208,2656038,2700561,2567275,2612388,2679287,2753217,2786304,2930528,3023585,2939781,2915835,2849281,2794079,2627951,2489231,2451373,2442290,2555794,2524187,2479010,2597899,2527205,2513232,2672482,2763769,2866175,2834674,2837406,2807372,2955118,3734849,3557663,3751878,3905056,3834959,4008397,3813731,3942433,3992718,3970349,4007873,3912194,4052241,4004851,4515658,4624515,4691066,4865386,5023287,5218639,5562990,5363289,5786632,5745060,6159870,6483467,6578878,6643190,6526385,6686459,7012196,7207300,7315360,7633576,7899539,7870370,7734252,7081204,6894506,6741280,6798659,6977056,6999052,7033071,7153712,7023436,7345269,7101391,7335051,7586370,7527901,7237110,7328343,7560953,7602556,7713869,7808318,7989110,8253876,8339740,8716938,9200899,9418918,9439709,9001609,8962386,9067432,9297544,8672784,8758052,8946880,8697325,8453228,8227307,8491340,9366348,10099434,10190732,10161118,10734067,10776823,10968866,11507981,11332964,11587613,11752967,12025905,12201256,12180921
"Households and nonprofit organizations; debt securities; asset","Currency","1000000","USD",Z1/Z1/LM154022005.Q,LM154022005.Q,35908,32338,30079,29392,27990,28544,28451,30920,33084,34755,35169,35208,39045,39364,38681,39020,38450,37369,37084,38748,40234,42276,43368,45534,46872,48602,49060,51600,52610,54976,55721,56176,54438,52971,54143,56944,57963,61011,64358,69706,70504,69857,69154,67790,67904,68371,69387,69362,69118,70279,69232,65500,64641,65002,66655,68234,68446,69385,69875,71018,70757,72069,71438,78025,79074,84603,86024,84641,80255,84437,87305,90165,91551,92165,90473,101511,99897,114569,121674,130275,122876,124805,123668,119817,117233,122312,117695,118766,116026,116679,114853,120345,121039,131476,133185,140679,140069,129895,138999,136156,134616,149621,160264,157362,160383,164811,166903,167399,162772,164979,169259,174329,176570,183008,183302,195287,209719,212587,248667,264796,267547,273129,281524,283192,286657,306752,314754,334271,350391,383072,379590,397688,426767,467118,456251,479133,534362,569916,568191,639297,653438,684601,718248,729300,740704,736530,767431,775757,832282,881224,887336,884473,910537,955394,1040962,1071581,1099627,1125581,1141637,1135082,1171232,1208841,1277467,1241887,1279351,1303220,1316295,1348690,1332017,1349942,1355052,1374382,1357605,1351166,1405036,1478405,1563795,1584909,1726922,1700375,1685183,1712833,1774589,1738366,1814648,1824349,1853855,1718608,1736335,1755650,1798381,1785606,1893318,1966178,1873754,1844007,1759186,1717111,1559516,1425755,1403359,1379053,1495544,1421353,1347544,1472504,1381282,1326740,1445527,1477240,1557060,1480860,1400656,1380513,1506336,2303536,2113558,2258327,2388158,2321726,2445409,2218621,2328052,2418767,2385898,2354615,2194107,2279278,2186751,2641383,2681690,2738661,2873176,3110417,3438307,3720605,3332741,3519880,3362869,3614289,3793451,3713555,3761974,3694404,3822437,4190999,4190937,4095428,4299216,4393641,4275888,4056469,3561700,3438205,3295261,3316212,3386535,3414687,3376470,3404877,3293252,3646236,3428052,3555550,3648881,3489403,3326408,3311713,3410981,3314834,3347485,3416814,3559497,3777842,4001237,4203841,4458900,4502996,4390226,4308429,3937432,3766837,3796834,3123926,3038861,3128588,2774651,2882591,3130139,3663892,4519550,5109878,5147147,5232228,5570281,5471029,5643176,5903581,5825635,5927916,6034200,6131155,6198847,6129282
"Households and nonprofit organizations; indirectly held debt securities; asset","Currency","1000000","USD",Z1/Z1/LM154022075.Q,LM154022075.Q,1060,1144,1202,1285,1414,1550,1770,1860,1917,1978,2069,2142,2192,2261,2339,2443,2514,2621,2722,2807,2935,3068,3138,3281,3249,3522,3644,3781,3963,4010,4087,4272,4524,4601,4659,4788,4904,5116,5313,5425,5549,5704,5845,5919,5944,6123,6494,6514,6530,6797,6939,7019,6952,7273,7442,7609,7859,7992,8149,8602,8546,8930,9048,9677,9994,10417,10695,10466,9986,9842,10021,10729,10166,10519,10068,11055,10609,11270,11130,11595,12820,12355,12065,11706,11372,10928,11667,12228,12570,13587,13890,14802,15194,15948,16050,16849,17181,17947,18945,20199,21433,22711,23539,24127,24838,25082,25773,26629,28581,30211,31535,32436,33450,33602,33925,35289,37592,39524,38939,42099,46128,48486,50142,52220,54988,56788,60655,63833,66624,69569,72948,77500,82713,87315,91415,96863,98207,106877,114281,125662,141611,156389,190717,223925,250803,281628,315401,367721,362100,356156,344147,341408,346107,346834,344880,342751,354962,364727,363060,372157,385316,385447,410834,450937,476143,507467,567437,545565,582989,620826,649039,710386,746772,791504,824941,777082,759395,758323,716654,731677,740579,764267,796423,805751,816560,831689,846707,848668,876053,923637,954837,1000698,1037210,1057407,1066027,1071828,1090095,1076969,1068435,1063476,1048014,1063237,1060250,1102835,1131466,1125395,1145923,1186492,1226955,1286529,1309115,1353814,1436750,1426859,1448782,1431313,1444106,1493552,1516898,1513233,1562988,1595110,1614381,1573951,1584451,1653258,1718087,1772963,1818100,1874275,1942825,1952405,1992210,1912870,1780332,1842385,2030548,2266752,2382191,2545581,2690016,2865323,2881216,2831981,2864022,2821197,3016363,3219932,3334360,3505898,3594482,3677783,3519504,3456301,3446019,3482447,3590521,3584365,3656601,3748835,3730184,3699033,3673339,3779501,3937489,4038498,3910702,4016630,4149972,4287722,4366384,4391504,4429613,4476034,4338503,4513097,4741999,4915922,5049483,4693180,5024954,5300595,5500710,5548858,5719191,5818292,5922674,5570637,5097168,4827448,4846798,4989556,5043585,4928890,5163786,5305794,5325690,5604400,5507329,5659697,5718767,5894750,6002409,6051639
"Life insurance companies; debt securities held indirectly through mutual funds; asset","Currency","1000000","USD",Z1/Z1/LM544022053.Q,LM544022053.Q,0,0,0,0,0,0,0,0,0,0,0,0,0,0,0,0,0,0,0,0,0,0,0,0,0,0,0,0,0,0,0,0,0,0,0,0,0,0,0,0,0,0,0,0,0,0,0,0,0,0,0,0,0,0,0,0,0,0,0,0,0,0,0,0,0,0,0,0,0,0,0,0,0,0,0,0,0,0,0,0,0,0,0,0,0,0,0,0,0,0,0,0,0,0,0,0,0,0,0,0,0,0,0,0,0,0,0,0,0,0,0,0,0,0,0,0,0,0,0,0,0,0,0,0,0,0,0,0,0,0,0,0,0,0,0,0,0,0,0,0,0,0,0,0,0,0,0,0,0,0,0,0,0,0,0,0,0,0,0,0,0,0,12697,13805,15892,17088,20655,20075,22317,24464,26908,31150,34668,39478,44422,43599,44835,45460,45335,47912,54057,58237,63312,65558,68153,71953,75322,77134,82501,88996,92910,99728,105859,107174,112775,114874,118462,116157,121177,123028,122482,126179,127183,129147,134116,130860,137787,145038,144814,147632,153854,158555,171016,173423,179849,177359,182387,187950,192433,189672,199116,202214,204403,206060,207364,217927,230195,233568,240076,249749,259507,255197,258008,245610,226644,234078,257254,287985,302878,320438,335648,356588,363787,355697,355696,341291,372965,392431,400203,417920,426612,432060,410695,400837,397180,394729,403635,399281,408257,415402,409298,403032,401124,407377,421131,429919,417599,419257,426918,435179,437212,433453,436961,438028,421468,427756,439956,452414,457543,417465,442983,462370,477808,473272,486541,485384,484856,451198,410024,387988,388758,394221,394914,380299,394810,398551,395272,408366,398194,398614,397024,408961,412596,405756
"Private defined contribution pension funds; debt held directly and indirectly through mutual funds; asset","Currency","1000000","USD",Z1/Z1/LM574022075.Q,LM574022075.Q,873,925,978,1030,1095,1152,1308,1359,1407,1462,1530,1600,1672,1737,1792,1848,1906,1973,2051,2130,2207,2273,2318,2365,2423,2497,2593,2687,2772,2844,2907,2974,3046,3124,3206,3260,3342,3417,3514,3577,3630,3698,3802,3828,3908,3963,4045,4101,4195,4237,4341,4419,4506,4596,4663,4763,4826,4883,5025,5140,5183,5198,5276,5470,5530,5609,5720,5761,5747,5816,5842,5978,5979,6015,6077,6077,6033,6151,6202,6247,6267,6465,6619,6483,6301,6219,6387,6644,7071,7690,8125,8656,8978,9498,9826,10203,10653,11448,12250,13389,14439,15475,16309,17158,17954,18111,18285,18505,19425,19751,20633,20844,21826,22287,22767,23553,25048,26743,28158,30730,32836,34667,36425,37916,39682,41214,43822,46629,48914,50550,52509,54464,56382,60029,62296,64207,63429,67611,71967,72631,74237,75357,81155,85769,85700,87754,97154,111135,110476,113396,111020,104181,105423,104845,105029,102381,106468,113204,117914,120400,129418,129954,133050,143283,148023,153710,162697,162527,165632,175266,182700,192850,194341,209352,214273,214345,221911,227652,227719,238397,243426,248783,259647,267533,268037,272377,279998,285095,295667,309333,316189,329888,333277,337849,343874,353638,362214,365722,364735,366542,363398,368966,376093,388440,382886,377049,370826,396968,407843,437030,446529,451343,467189,460636,465864,452715,461584,468963,479578,486665,509696,528198,546162,491647,496345,515651,525917,536353,544673,561460,578345,587583,596037,587108,580651,601451,644216,700642,724380,766083,811318,862740,863942,847890,858853,869124,910890,962092,1002895,1053090,1078346,1099494,1066335,1063465,1068940,1083541,1116937,1121737,1141432,1162360,1152933,1152777,1144600,1208883,1260559,1293187,1262250,1296805,1341968,1373093,1398782,1386408,1398501,1410423,1398362,1443278,1507810,1568990,1602457,1555573,1658687,1735932,1794913,1792588,1856459,1888860,1913778,1814073,1702359,1629844,1659399,1723828,1748595,1724826,1828992,1863039,1883075,1985823,1953427,2012336,2036524,2059169,2093510,2106288
"Federal government defined contribution pension funds; debt securities; asset","Currency","1000000","USD",Z1/Z1/LM344022025.Q,LM344022025.Q,0,0,0,0,0,0,0,0,0,0,0,0,0,0,0,0,0,0,0,0,0,0,0,0,0,0,0,0,0,0,0,0,0,0,0,0,0,0,0,0,0,0,0,0,0,0,0,0,0,0,0,0,0,0,0,0,0,0,0,0,0,0,0,0,0,0,0,0,0,0,0,0,0,0,0,0,0,0,0,0,0,0,0,0,0,0,0,0,0,0,0,0,0,0,0,0,0,0,0,0,0,0,0,0,0,0,0,0,0,0,0,0,0,0,0,0,0,0,0,0,0,0,0,0,0,0,0,0,0,0,0,0,0,0,0,0,0,0,0,0,0,0,0,0,0,0,0,0,0,0,0,1,2,4,7,12,17,22,30,43,58,76,134,186,223,287,364,449,533,661,744,858,1001,1202,1311,1407,1405,1439,1411,1502,1643,1732,1907,1972,1961,2040,2112,2076,2140,2222,2361,2464,2551,2802,2963,2949,2895,2828,2669,2512,2477,2559,2873,3979,4249,5801,8217,7963,8541,10171,11047,12152,12377,10559,10072,9814,8993,9457,9733,9577,10002,9948,10257,10034,9861,10378,11104,11394,11194,11783,12864,15070,14413,14188,13870,13507,13841,14902,16257,16651,17655,19530,19137,18789,19897,21212,22993,24240,26308,27750,28648,26886,24716,23401,23634,21787,22578,22421,24022,24650,24330,24074,24789,25628,26745,27464,26162,26341,26817,27745,28180,27243,27016,27074,27429,28937,30726,32323,33164,32275,35190,37207,39116,36579,36723,36190,36989,34174,30860,28784,29938,31032,31465,30216,32769,32706,32624,34572,33827,35223,35856,36782,37279,36105
"State and local government employee pension funds; debt securities held indirectly through mutual funds; asset","Currency","1000000","USD",Z1/Z1/LM223064223.Q,LM223064223.Q,0,0,0,0,0,0,0,0,0,0,0,0,0,0,0,0,0,0,0,0,0,0,0,0,0,0,0,0,0,0,0,0,0,0,0,0,0,0,0,0,0,0,0,0,0,0,0,0,0,0,0,0,0,0,0,0,0,0,0,0,0,0,0,0,0,0,0,0,0,0,0,0,0,0,0,0,0,0,0,0,0,0,0,0,0,0,0,0,0,0,0,0,0,0,0,0,0,0,0,0,0,0,0,0,0,0,0,0,0,0,0,0,0,0,0,0,0,0,0,941,1036,1081,1103,1197,1272,1284,1398,1424,1472,1593,1750,1895,2019,2057,2164,2393,2457,2692,2849,3416,3880,4162,5380,6519,7210,7509,7964,9560,9626,9722,8369,8663,8957,9045,9211,9504,9760,10285,10293,10340,10596,9819,10373,11884,12118,12753,14182,12652,13104,13372,13966,14830,14875,14322,14893,13638,13167,13154,12820,13252,13418,14074,14839,14723,14611,14726,27093,27965,28738,29780,31752,32717,34303,37233,37273,38534,39601,41505,39134,36462,36260,36048,37230,40143,39566,42285,40679,40432,42204,46309,45101,48854,50083,50208,49983,48655,50497,52467,51623,51951,53415,53468,53927,53519,55117,57280,58300,59272,60920,62237,64285,63315,64277,61818,57509,58568,63904,70376,73866,78334,80473,85289,85798,82361,81900,78913,83685,88008,89463,92649,92631,93216,88453,85939,85269,83766,83903,81578,81041,83852,82916,81075,81220,66559,67146,66634,56894,58618,60054,59454,60178,59724,58628,57486,53333,54603,55790,57227,58528,52461,56173,58207,60118,58238,57450,56053,54694,50643,44740,41199,39900,41207,41798,41056,42652,44080,44299,46497,45946,46876,50140,51872,54835,55396
"Mutual funds; debt securities indirectly held by households; asset","Currency","1000000","USD",Z1/Z1/LM654022055.Q,LM654022055.Q,187,219,224,255,319,398,462,501,510,516,539,542,520,524,547,595,608,648,671,677,728,795,820,916,826,1025,1051,1094,1191,1166,1180,1298,1478,1477,1453,1528,1562,1699,1799,1848,1919,2006,2043,2091,2036,2160,2449,2413,2335,2560,2598,2600,2446,2677,2779,2846,3033,3109,3124,3462,3363,3732,3772,4207,4464,4808,4975,4705,4239,4026,4179,4751,4187,4504,3991,4978,4576,5119,4928,5348,6553,5890,5446,5223,5071,4709,5280,5584,5499,5897,5765,6146,6216,6450,6224,6646,6528,6499,6695,6810,6994,7236,7230,6969,6884,6971,7488,8124,9156,10460,10902,11592,11624,11315,11158,11736,12544,12781,10781,10428,12256,12738,12614,13107,14034,14290,15435,15780,16238,17426,18689,21141,24312,25229,26955,30263,32321,36574,39465,49615,63494,76870,104182,131637,157893,186365,210283,247026,241998,233038,224758,228563,231725,232940,230633,230854,238717,241216,234823,241374,245244,245598,254580,281779,299887,323629,369539,349862,381403,407063,424721,470698,501887,527150,550042,504093,478077,470618,429369,430614,428035,441441,456718,455965,463798,470593,462182,456398,467007,493306,511625,535901,561220,572349,569142,561833,566923,550757,540720,534932,523397,529485,516871,541126,570649,569400,588414,596091,623553,645387,652584,682910,736085,732033,743014,742770,740645,774715,783531,775368,790759,801282,799632,812691,815764,852022,892571,932376,961237,989046,1027824,1031240,1059475,1004146,901658,934781,1051333,1192847,1264810,1364075,1444922,1541176,1548552,1527244,1547676,1510657,1625830,1753161,1815491,1914489,1968245,2026127,1929305,1882659,1870996,1898624,1963468,1959348,2001849,2062571,2060707,2038075,2021606,2071054,2161908,2221294,2147797,2215609,2294215,2392251,2442032,2484676,2508507,2543023,2437911,2558523,2707717,2804968,2897791,2635406,2831921,3006879,3128755,3188181,3282018,3351805,3432357,3220549,2909185,2739633,2728803,2799268,2826813,2752493,2864563,2967418,2970420,3129142,3075935,3166648,3199223,3337966,3404189,3448094
"Households and nonprofit organizations; loans; asset","Currency","1000000","USD",Z1/Z1/FL154035005.Q,FL154035005.Q,55818,58595,61966,64759,66995,68212,68597,68481,68618,68829,69176,69877,69783,69946,70364,70699,71195,71729,72409,72984,73186,73478,73853,74568,74829,75081,75344,75288,75287,75328,75453,76047,76774,77310,77911,78234,78257,77996,76515,76522,76883,77909,79315,79890,81431,81787,82589,83005,84263,84956,85161,85257,87139,87304,87856,89168,88453,89905,90360,90861,91268,91547,92289,92113,93987,94629,95730,96510,97376,98440,100037,100278,103108,105564,105878,100691,102168,99453,103989,100337,101115,103437,105936,105053,105296,103970,105466,105057,106601,105819,108660,106699,109114,108140,111158,110372,114019,140979,142474,138099,141633,141151,146407,148556,149373,150101,156853,152609,155173,154647,161926,162192,165449,170569,186139,182671,184391,190606,197359,194898,193876,201148,206057,198549,201473,200749,207001,207176,210879,204357,217282,208932,211348,212501,215849,211993,213002,217863,214585,225828,242922,236561,253306,255697,250757,254381,269635,273617,275079,276956,288410,295867,300460,303954,307509,312964,323035,320107,341485,378576,387586,400623,427160,436526,439011,452991,477762,464224,471484,473611,477652,497853,516792,514600,519812,525830,523942,524657,526345,531445,533829,535263,555829,566452,560962,559257,599132,588257,603497,605457,624348,648422,660879,697884,693382,692046,693792,716199,763101,771308,754881,771076,825093,810683,817872,911525,870419,863657,836563,837794,831713,847738,948014,949222,945521,968523,1002025,997355,1060461,1050529,1056831,1054640,1054923,1140628,1169105,1166156,1169908,1192928,1247061,1275374,1389175,1508811,1502837,1515296,1257780,1190965,1200166,1217570,1217815,1222188,1230084,1240645,1255436,1252004,1293885,1289541,1237296,1242288,1255379,1252516,1316274,1295787,1352024,1340732,1383749,1428199,1408743,1443861,1434171,1431069,1405522,1376078,1359516,1399397,1401545,1369777,1343043,1354583,1350175,1332145,1281910,1259083,1253262,1253670,1224871,1224046,1236642,1270202,1262579,1402211,1390245,1345882,1373942,1375540,1397575,1442963,1462020,1571346,1533056,1474551,1420947,1396173,1397353,1331003,1355862,1358206,1355780,1427881,1201068,1249126,1244918,1256273,1238996,1297966
"Households and nonprofit organizations; directly and indirectly held corporate equities; asset","Currency","1000000","USD",Z1/Z1/LM153064475.Q,LM153064475.Q,145888,139559,137558,136712,145165,167593,187921,189705,195986,195633,184802,181488,172180,167445,181570,192961,208529,227122,228886,235692,257249,271515,273490,290435,281479,276108,297054,283505,300531,274196,275271,290157,305719,336010,347686,354874,367534,361247,381544,360477,367368,342430,382928,424427,425042,435695,468445,458251,349162,368392,453883,468185,491157,511894,484859,515853,531944,550562,562568,577146,553696,602515,639972,620386,593399,531096,568254,641827,649258,689164,712951,659729,750787,760937,850281,801536,761913,739328,693174,672254,529633,616893,676233,745298,742227,728851,782708,828032,823946,843306,967299,888845,813795,861817,714391,678229,597082,439258,440087,547548,630227,550054,593701,690486,709414,719234,744565,682547,698901,665485,632844,596540,637418,681815,649635,692063,704993,749488,781657,716984,819090,921543,1024337,1025759,1004799,847675,918502,792529,765151,825471,995214,1094235,1227927,1194645,1138314,1078143,1006491,1061097,1068263,1153206,1212191,1136853,1349035,1517298,1575907,1428506,1606784,1902336,1908195,2003002,1620564,1754299,1850243,1861140,1976192,2073141,2194557,2368439,2450071,2305986,2399268,2000987,2246783,2597661,2581116,2754373,3176759,3118819,3111255,3238541,3646038,3786267,3852597,4046724,4230061,4101736,4064288,4212012,4206649,4522434,4860393,5279497,5666414,5944605,6206789,6290681,6668966,6745933,7808478,8474018,8580331,9783611,9932361,8730060,10433560,10562270,11428487,10849640,12944853,13665583,13063741,12967349,11517587,10193010,10973832,9154257,10303592,10431277,9329027,7561365,8056962,7677034,9087658,9637075,10897588,11408397,11464636,11354421,12428541,12414371,12812686,13515484,13801479,15219067,14832475,15336689,16531419,17150481,17741150,17858863,16922932,15415238,14749458,12817844,9889231,8778493,10615287,12474828,12874145,13574501,12217243,13740411,15127285,16151337,16006367,13317427,14320661,16093563,15438321,16321775,16442216,18386674,18805724,19977988,21439622,22336047,23423824,22997964,23799892,24226822,24298789,22307759,23293440,23527151,24072238,24833711,25216793,26664253,27475786,28424117,30029699,29792297,30254946,31571433,27149031,31218933,32152056,31943167,34379161,26512734,32354148,35258551,41030045,44166648,47724760,47995768,50479681,48016927,40027039,38150250,40412031,42878074,45511951,43903043,48193579,52381509,53412133,56840027,57426217,55920806,60695232,65130953,66618265,64799689
"Households and nonprofit organizations; corporate equities; asset","Currency","1000000","USD",Z1/Z1/LM153064105.Q,LM153064105.Q,144855,138515,136405,135486,142455,164696,184698,186382,192554,192052,181107,177850,168575,163841,177571,188597,203774,221809,222894,229229,249979,264068,265346,281568,272443,267405,287754,274211,290571,264952,266362,280533,294974,323831,333702,339992,351618,345702,364772,344367,350355,326084,364813,403502,403359,412972,443622,433425,329923,348575,431479,444237,465592,485481,457587,486613,501922,518877,530699,544164,521171,566815,601439,581368,555687,497826,531716,599333,605033,641200,663676,614634,697727,705275,791494,745190,707585,686177,638984,614908,485261,564921,617731,677526,673299,658901,707587,748641,744860,764315,882122,812281,744351,785638,647173,612434,537817,395668,391408,485182,556835,486024,523873,610222,629097,640103,664031,608789,622067,591498,559025,525569,559106,594913,567841,602005,613786,652390,684612,627160,718134,809262,901755,901836,882884,737934,800923,677657,650001,692346,845288,923495,1029505,996472,939597,877756,814943,849182,847020,895484,948347,880000,1033079,1161103,1206194,1087234,1249742,1469527,1440409,1501900,1210754,1319317,1402012,1431896,1552536,1622778,1703438,1835561,1913688,1800547,1860586,1539643,1734697,2030476,2001887,2125661,2491325,2419593,2388373,2478962,2810125,2877136,2874316,2977689,3110199,2981974,2918843,2972811,3013823,3232041,3439588,3708740,4029075,4156730,4291133,4278287,4511914,4562010,5247895,5595608,5729808,6470640,6534109,5791659,6848480,6850085,7395550,7034219,8348927,8672913,8252180,8134737,7170978,6398075,6845412,5707711,6417977,6466095,5812540,4724908,5012524,4703771,5555322,5900828,6628568,6935109,6948246,6839748,7373758,7426806,7679673,8083325,8192700,9431626,9155869,9443179,10151215,10574617,10700115,10659986,9975941,9131297,8513015,7458912,5874775,5192904,6271560,7341794,7453198,7846603,7153205,8028608,8808681,9434651,9314305,7821421,8350074,9321383,9015306,9533614,9603293,10899602,11195158,11791225,12506175,13235674,13964855,13717550,14315350,14502119,14537883,13397038,13957720,14267850,14713812,15112007,15408614,16268822,16757506,17213539,18276355,18117184,18387446,19157332,16645700,19274338,19785080,19709258,21147841,16326184,20024928,22101777,26131151,28564051,31125819,31644677,33031345,31875319,26639815,25604594,26898961,28598989,30372492,29465494,32242497,35006670,35810502,38294760,39020000,38347816,41322201,44657401,45986820,44963857
"Households and nonprofit organizations; indirectly held corporate equities; asset","Currency","1000000","USD",Z1/Z1/LM153064175.Q,LM153064175.Q,1033,1044,1153,1226,2710,2897,3223,3323,3432,3581,3695,3638,3605,3604,3999,4364,4755,5313,5992,6463,7270,7447,8144,8867,9036,8703,9300,9294,9960,9244,8909,9624,10745,12179,13984,14882,15916,15545,16772,16110,17013,16346,18115,20925,21683,22723,24823,24826,19239,19817,22404,23948,25565,26413,27272,29240,30022,31685,31869,32982,32525,35700,38533,39018,37712,33270,36538,42494,44225,47964,49275,45095,53060,55662,58787,56346,54328,53151,54190,57346,44372,51972,58502,67772,68928,69950,75121,79391,79086,78991,85177,76564,69444,76179,67218,65795,59265,43590,48679,62366,73392,64030,69828,80264,80317,79131,80534,73758,76834,73987,73819,70971,78312,86902,81794,90058,91207,97098,97045,89824,100956,112281,122582,123923,121915,109741,117579,114872,115150,133125,149926,170740,198422,198173,198717,200387,191548,211915,221243,257722,263844,256853,315956,356195,369713,341272,357042,432809,467786,501102,409810,434982,448231,429244,423656,450363,491119,532878,536383,505439,538682,461344,512086,567185,579229,628712,685434,699226,722882,759579,835913,909131,978281,1069035,1119862,1119762,1145445,1239201,1192826,1290393,1420805,1570757,1637339,1787875,1915656,2012394,2157052,2183923,2560583,2878410,2850523,3312971,3398252,2938401,3585080,3712185,4032937,3815421,4595926,4992670,4811561,4832612,4346609,3794935,4128420,3446546,3885615,3965182,3516487,2836457,3044438,2973263,3532336,3736247,4269020,4473288,4516390,4514673,5054783,4987565,5133013,5432159,5608779,5787441,5676606,5893510,6380204,6575864,7041035,7198877,6946991,6283941,6236443,5358932,4014456,3585589,4343728,5133034,5420947,5727898,5064038,5711803,6318604,6716686,6692062,5496006,5970587,6772180,6423015,6788161,6838923,7487072,7610566,8186763,8933446,9100373,9458969,9280414,9484542,9724703,9760906,8910721,9335721,9259301,9358426,9721704,9808178,10395430,10718280,11210578,11753344,11675113,11867499,12414101,10503330,11944595,12366976,12233909,13231320,10186550,12329220,13156774,14898894,15602597,16598941,16351091,17448335,16141607,13387224,12545656,13513070,14279085,15139459,14437549,15951081,17374839,17601631,18545267,18406217,17572990,19373031,20473552,20631445,19835832
"Life insurance companies; corporate equities held directly and indirectly through mutual funds; asset","Currency","1000000","USD",Z1/Z1/LM543064153.Q,LM543064153.Q,0,0,0,0,0,0,0,0,0,0,0,0,0,0,0,0,0,0,0,0,0,0,0,0,0,0,0,0,0,0,0,0,0,0,0,0,0,0,0,0,0,0,0,0,0,0,0,0,0,0,0,0,0,0,0,0,0,0,79,80,78,87,229,228,224,206,515,588,595,633,1058,996,1158,1225,1946,1938,1960,1938,2774,2787,2234,2755,4006,4615,4742,5015,6477,7123,7303,7617,8727,8486,8169,9216,7924,8373,7823,5921,6146,7419,8536,7431,9276,10644,10834,11069,12179,11512,11881,11506,10940,10565,11524,12586,11466,12197,12337,13174,12811,11954,13310,14419,17582,17894,17863,16392,16759,15505,14966,16739,20262,21955,24360,24327,24771,23606,22673,24466,23848,25860,27184,25449,33327,36439,38532,35222,38285,47209,49449,53345,43188,45906,47150,48598,46288,48684,53059,58433,51354,48982,56069,48281,55779,54125,66135,71107,79730,56790,59087,62573,71288,78085,84901,96739,105667,109066,114444,125336,124616,136988,157199,175566,183950,204594,222758,237173,261404,272330,325831,369238,360729,425925,447970,391441,480350,509851,566907,538129,693098,775199,744843,751465,677941,568842,619970,501126,580708,606605,523222,408497,453375,428369,504288,548705,631117,660432,675429,675736,760083,746638,791299,829277,853838,874434,859028,896909,974609,987403,1054491,1086722,1042850,942607,910043,793655,609453,546979,652918,763227,813197,852019,752567,852562,956917,1015132,1008603,815758,914555,1029036,974006,1021793,1017585,1102607,1109679,1185896,1290177,1296371,1326908,1297375,1322424,1330823,1323784,1224845,1294444,1270083,1274334,1313324,1317070,1370789,1397804,1442453,1489629,1447544,1458064,1498055,1270322,1411267,1442268,1425767,1517527,1185955,1407665,1482157,1663240,1702597,1783502,1721340,1784848,1643190,1378580,1297320,1398219,1442539,1491565,1392129,1508533,1625213,1645390,1728322,1711683,1595428,1707447,1751527,1726447,1619213
"Private defined contribution pension funds; corporate equities held directly and indirectly through mutual funds; asset","Currency","1000000","USD",Z1/Z1/LM573064175.Q,LM573064175.Q,0,0,0,0,0,0,275,289,312,320,369,383,408,434,478,521,537,564,631,710,904,1089,1217,1363,1348,1342,1413,1403,1590,1528,1498,1612,1796,2037,2312,2427,2656,2684,2905,2826,3024,2921,3309,3816,3919,4132,4571,4573,3569,3850,4377,4702,4990,5254,5534,5938,6227,6528,6741,6991,6914,7722,8151,8153,7974,7342,7894,9099,9364,10104,10221,9656,11195,11774,12291,12163,12185,11951,12285,15335,12530,14978,16772,19215,19734,20825,22163,24058,24271,24841,26954,25565,23900,26195,23389,24216,22141,16570,18689,25731,30802,27970,30240,34626,34596,34586,35140,33238,34491,33733,34611,34181,38367,43231,42086,48762,49791,53555,55139,47770,54454,60124,63961,64608,63034,57553,62109,63968,65386,76350,80568,91192,103363,101014,99766,105155,99837,109989,116578,143816,135656,128524,166673,177716,178610,158061,159076,187197,207452,229469,195436,208065,213548,201022,198810,216496,232862,250771,261044,247176,254273,227798,252460,289431,285971,305359,335026,333621,345874,362600,388484,424539,444220,464959,473489,463496,478311,512410,501541,542671,584432,646636,685577,731930,760015,796917,844040,839358,983216,1100382,1077267,1237044,1231020,1050928,1314549,1356416,1450076,1358053,1563441,1658702,1624913,1642859,1518391,1354037,1454071,1250981,1370620,1425542,1251303,1039904,1117177,1114842,1310750,1347272,1528897,1561394,1586511,1561271,1751152,1722210,1783919,1890809,1980544,1925275,1888130,1952044,2089525,2121886,2251806,2290850,2197628,1989868,1967103,1735397,1337514,1195262,1408828,1635806,1707689,1796838,1591750,1789382,1984922,2099241,2084107,1724205,1889467,2120194,2015601,2125381,2134092,2331224,2387365,2570450,2813017,2846803,2956794,2907280,2986305,3047481,3051845,2799022,2942741,2985823,3025061,3147355,3210979,3402269,3513668,3673521,3870673,3831795,3921053,4123041,3531787,3985433,4110017,4097844,4427469,3476561,4211662,4515055,5123794,5344184,5698276,5607769,5974276,5603480,4710722,4475144,4858108,5179457,5549840,5342010,5957764,6485779,6632038,7003129,7029273,6723337,7444759,7993169,8111259,7813624
"Federal government pension funds; corporate equities held by Thrift Savings Plan; asset","Currency","1000000","USD",Z1/Z1/LM343064125.Q,LM343064125.Q,0,0,0,0,0,0,0,0,0,0,0,0,0,0,0,0,0,0,0,0,0,0,0,0,0,0,0,0,0,0,0,0,0,0,0,0,0,0,0,0,0,0,0,0,0,0,0,0,0,0,0,0,0,0,0,0,0,0,0,0,0,0,0,0,0,0,0,0,0,0,0,0,0,0,0,0,0,0,0,0,0,0,0,0,0,0,0,0,0,0,0,0,0,0,0,0,0,0,0,0,0,0,0,0,0,0,0,0,0,0,0,0,0,0,0,0,0,0,0,0,0,0,0,0,0,0,0,0,0,0,0,0,0,0,0,0,0,0,0,0,0,0,0,0,0,0,0,0,0,0,0,0,0,5,7,18,27,42,55,89,123,142,340,449,474,669,1045,1385,1696,2001,2415,2929,3293,3779,4398,4792,5179,5832,6179,7171,8508,9946,11459,13121,14964,16362,18778,20177,24842,27943,29946,35224,37848,34445,42960,46203,50782,48476,56909,60405,60060,60715,56576,49059,52733,43796,49091,50618,44338,35591,39036,37454,46052,51171,62138,66566,68678,68803,79884,80842,82908,88813,93102,101060,98868,105248,116666,119001,129098,130417,127761,109491,109307,94676,73242,63949,80373,96518,105253,112993,99833,111741,128539,136471,137557,111482,118457,136321,130292,137732,138312,157254,163293,174197,200731,206521,216237,219523,224380,232182,231843,213988,226553,224337,227006,236582,246885,262958,273756,285105,308692,306833,315636,333102,277939,316209,326260,324573,355325,265247,328866,351207,402772,432703,470441,464566,504229,466693,393280,369781,402903,432656,468697,457735,517058,567872,583967,618365,633784,582735,646537,700654,715715,686476
"State and local government employee pension funds; corporate equities held indirectly through mutual funds; asset","Currency","1000000","USD",Z1/Z1/LM223064213.Q,LM223064213.Q,0,0,0,0,0,0,0,0,0,0,0,0,0,0,0,0,0,0,0,0,0,0,0,0,0,0,0,0,0,0,0,0,0,0,0,0,0,0,0,0,0,0,0,0,0,0,0,0,0,0,0,0,0,0,0,0,0,0,0,0,0,0,0,0,0,0,0,0,0,0,0,0,0,0,0,0,0,0,0,0,0,0,0,0,0,0,0,0,0,0,0,0,0,0,0,0,0,0,0,0,0,0,0,0,0,0,0,0,0,0,0,0,0,0,0,0,0,0,2828,2492,2587,2951,3299,3466,3409,2951,3214,2929,2892,3354,4203,4738,5421,5490,5513,5250,4877,5310,5441,5671,5817,5284,5694,6702,6662,5732,5827,7392,8068,8742,6145,6610,6979,6714,6857,7322,8059,9146,9404,8594,9452,7117,7967,9031,8803,9538,9966,10729,10504,10572,11898,12327,12835,13319,14138,14288,14675,16196,16250,18020,20385,22821,23801,26219,28033,29187,57192,60742,71112,78613,80789,92912,96852,89272,107393,115514,128310,131101,154042,159428,154313,151550,140676,125897,129785,114107,121903,119571,107617,90547,92754,92973,106467,114834,129016,134322,139513,140106,152284,153084,156597,164095,169402,178354,179144,185157,196162,200087,214895,218505,210657,187532,185894,158623,119569,104913,126154,146939,154213,161079,138213,155119,172765,179089,173770,135916,146015,162503,150758,157029,155915,166048,167556,178989,193247,191839,194242,185610,185966,193226,192761,173016,182710,144879,141524,142415,126567,134331,137259,138648,144228,142924,140973,142800,116103,130216,130989,127677,137216,102640,124109,129292,145335,145722,148753,140755,144065,130483,104577,94870,98770,104804,111165,106489,116896,127286,128430,134637,132921,126493,147739,153454,159763,153634
"Mutual funds; corporate equities indirectly held by households; asset","Currency","1000000","USD",Z1/Z1/LM653064155.Q,LM653064155.Q,1033,1044,1153,1226,2710,2897,2948,3034,3120,3261,3326,3255,3197,3170,3521,3843,4218,4749,5361,5753,6366,6358,6927,7504,7688,7361,7887,7891,8370,7716,7411,8012,8949,10142,11672,12455,13260,12861,13867,13284,13989,13425,14806,17109,17764,18591,20252,20253,15670,15967,18027,19246,20575,21159,21738,23302,23795,25157,25049,25911,25533,27891,30153,30637,29514,25722,28129,32807,34266,37227,37996,34443,40707,42663,44550,42245,40183,39262,39131,39224,29608,34239,37724,43942,44452,44110,46481,48210,47512,46533,49496,42513,37375,40768,35905,33206,29301,21099,23844,29216,34054,28629,30312,34994,34887,33476,33215,29008,30462,28748,28268,26225,28421,31085,28242,29099,29079,30369,26267,27608,30605,34787,37740,37955,37609,32845,35497,32470,31906,36682,44893,52855,65278,67342,68667,66376,64161,72150,75376,82375,95187,97596,110262,135338,145909,142257,153854,191011,202817,209546,165041,174401,180554,172905,171694,177843,197112,214486,214526,200598,218765,178006,195540,214149,217846,242039,259667,296701,305721,321833,361828,391251,433032,490239,522170,528120,532836,579427,544240,585543,650281,715788,732552,812011,889886,932755,975638,991316,1155582,1302234,1301792,1521866,1584562,1372315,1639828,1684201,1836862,1739662,2128436,2338936,2227432,2226023,1953025,1697100,1871861,1536536,1763293,1762846,1590007,1261918,1342096,1299625,1564779,1674265,1917852,2050574,2046259,2068757,2311380,2284791,2318290,2459165,2511893,2708318,2651436,2754152,3003242,3147487,3390745,3472383,3368095,3054443,3064096,2576581,1874678,1674486,2075455,2490544,2640595,2804969,2481675,2802999,3075461,3286753,3288025,2708645,2902093,3324126,3152358,3346226,3393019,3729939,3782673,4077231,4436274,4558839,4764788,4670626,4765467,4920991,4960673,4499850,4689273,4634179,4690501,4882028,4906677,5225083,5395793,5670851,5940122,5946017,6031773,6317103,5307179,6101470,6357442,6258048,6793783,5156147,6256918,6679063,7563753,7977391,8497969,8416661,9040917,8297761,6800065,6308541,6755070,7119629,7518192,7139186,7850830,8568689,8611806,9060814,8898556,8544997,9426549,9874748,9918261,9562885
"Households and nonprofit organizations; other financial assets (B.101.e)","Currency","1000000","USD",Z1/Z1/FL153099475.Q,FL153099475.Q,300506,349707,394958,422459,436341,465881,510073,518307,524295,529627,533113,536748,540618,546712,553351,558564,563516,569798,576933,584105,590069,598568,608058,619664,630257,639624,648234,660391,671581,683699,694219,706690,716558,726139,734331,740958,746599,752606,759929,770015,778469,788291,797964,806889,817630,829737,842607,852413,860798,870265,878886,887786,895386,902442,913273,922241,936285,948873,966234,980847,995866,1009303,1031857,1045805,1071733,1089274,1111141,1127435,1145719,1163009,1184260,1212916,1236341,1258161,1289349,1318253,1345074,1366401,1393508,1422958,1461121,1476863,1503936,1546023,1584529,1622623,1660365,1708088,1749910,1797294,1848235,1894461,1946654,2004473,2056131,2100688,2147779,2216986,2273808,2330202,2389269,2439062,2489531,2530175,2596018,2648497,2711109,2780080,2845045,2922904,3005413,3105864,3198278,3287550,3385601,3499427,3605646,3710948,3813052,3912731,4019873,4133363,4250543,4352475,4447762,4530158,4621014,4709737,4780658,4836059,4895328,4985272,5056154,5128426,5227669,5287503,5340640,5410440,5491711,5569561,5639825,5725217,5815417,5934789,6037580,6154626,6274898,6378308,6468177,6582339,6745428,6895024,7017657,7139229,7273045,7420430,7573379,7691501,7853739,7986729,8110838,8244165,8341051,8417022,8514957,8601066,8665122,8803064,8924758,9079741,9190584,9322686,9448542,9581054,9696827,9871042,10031063,10178172,10297636,10440552,10610067,10762448,10921981,11027471,11155226,11284719,11475473,11669684,11870551,12058812,12285297,12453370,12682225,12869807,13015247,13071318,13266844,13547676,13793962,13844365,14146105,14479180,14685042,14841716,15105760,15365762,15431432,15609723,15819301,16073813,16075791,16331501,16602192,16843452,17064513,17496981,17989771,18577696,18957608,19291130,19717338,20220519,20571961,20960592,21346529,21712778,21994266,22180087,22505182,22731761,22780825,22428269,22478843,22387474,22058126,21707917,21310672,21303853,21234176,21545122,22067552,22496199,22834514,23108105,23377473,23789762,23934979,24084632,24321999,24705009,24957747,25507333,26302133,27130562,27696981,27904944,28343826,28755382,29077722,29383941,29795373,30044539,30194261,30308832,30719802,31087993,31213394,31436514,32082359,32337016,32695258,32954112,33249864,33527879,33648714,34173761,34766631,35066942,35253232,35643113,35856630,36420595,37030574,37533161,38587294,39650779,40281091,40439996,40766370,40401928,39637055,39796480,40365849,40619071,40480411,40511981,40850341,41136884,41411460,41514636,41719676,42215673,42381386,42730105
"Households and nonprofit organizations; total liabilities","Currency","1000000","USD",Z1/Z1/FL154190005.Q,FL154190005.Q,30584,37441,46468,55109,63061,76803,85567,86224,90411,93441,97890,100207,104699,107229,110624,110496,114312,117763,123092,126315,133426,138787,144426,146184,151445,154832,159599,160760,165827,168970,172075,171210,174780,178356,184146,186640,193675,199890,206698,207621,214480,219062,224545,225306,231507,235782,242908,244235,251334,257549,265044,267954,277471,284988,293999,297963,307560,314372,323363,326858,336463,343379,352779,355957,365653,369544,376015,375805,383139,389200,410854,402456,415170,422768,436130,434905,446316,452164,463762,456221,462779,469717,478718,481470,495120,507864,524058,531304,551242,566693,585391,597513,616421,635514,651927,656176,676967,695386,708576,707900,721930,742013,765731,775261,802013,827173,855307,872087,910820,949004,986838,1009747,1060106,1107675,1150198,1177742,1225297,1275704,1321171,1350185,1368434,1404433,1446883,1456128,1493528,1524516,1555995,1560063,1584275,1594249,1628952,1622139,1673239,1731052,1793652,1826024,1891030,1946767,2013847,2088085,2163678,2255688,2369161,2393253,2458951,2545440,2632598,2638075,2731360,2809137,2877269,2922185,3007998,3089056,3163638,3208293,3296741,3381113,3464613,3532855,3605963,3669545,3736231,3762151,3827517,3869727,3953578,3973908,4018011,4085871,4159138,4167217,4235597,4322616,4416834,4449716,4535862,4625641,4746725,4777497,4870353,4984773,5080532,5151999,5253090,5352206,5453534,5488494,5585182,5706390,5803270,5859929,6000012,6116596,6263849,6352103,6508097,6669465,6842081,6948649,7094816,7279799,7415583,7472505,7674753,7928592,8058224,8192741,8382161,8604816,8852842,9039204,9430224,9685415,9942149,10135109,10453712,10727300,11091234,11299174,11628362,11980983,12279705,12644874,13001693,13326276,13590356,13772691,14072281,14308229,14504537,14638756,14590557,14726798,14452986,14363641,14337776,14333512,14327543,14221149,14157937,14083954,14069984,14045468,14000007,13990592,13981003,13923635,13895475,13904044,13876372,13842267,13864864,13919501,14089787,14083156,14156569,14150731,14217727,14193310,14321743,14443072,14449617,14468360,14598222,14765892,14868021,14924808,15078987,15227168,15420817,15471902,15597620,15765114,15897359,15927452,16131647,16335112,16528704,16557628,16564565,16823020,17092754,17260656,17977855,18324597,18709389,19011668,19383760,19714319,19932478,19975226,20151745,20337596,20506963,20583428,20741514,20912042,20860228,20874073,21044205,21276794,21506681,21560050
"Households and nonprofit organizations; net worth ","Currency","1000000","USD",Z1/Z1/FL152090005.Q,FL152090005.Q,806616,885216,984199,1037019,1079425,1171443,1280523,1298870,1321518,1334342,1338242,1348622,1350856,1365443,1386232,1409008,1430700,1466938,1484120,1505874,1540998,1580329,1600734,1643835,1654132,1672629,1710651,1723813,1761008,1759281,1776003,1809387,1836686,1890879,1921081,1941646,1969419,1982495,2016085,2024314,2042344,2037693,2091056,2141604,2164266,2200702,2256719,2269770,2174823,2214271,2319203,2353920,2386237,2428012,2422670,2469525,2513892,2560247,2604188,2648465,2645548,2723264,2803145,2810258,2842498,2813812,2902437,3009086,3050248,3136804,3204063,3227030,3365370,3427078,3595704,3613958,3621557,3643034,3660323,3688444,3624916,3752607,3875609,4039182,4113381,4173522,4294415,4453459,4518456,4643458,4889778,4915337,4955122,5137640,5101037,5131823,5114582,5074460,5213063,5466296,5699559,5695020,5861925,6062159,6238817,6354592,6522666,6631747,6811026,6950400,7107581,7280838,7527565,7773696,7955603,8270796,8546592,8825913,9096396,9300837,9646988,10038129,10359452,10553582,10839558,10945166,11258954,11406640,11546117,11764821,12084247,12425165,12721933,12880394,12980987,13239996,13471334,13807218,14097120,14498971,14838898,15044643,15548769,16051773,16428821,16611989,17180266,17803598,18090753,18502846,18436307,18941164,19370829,19690262,20181395,20611081,21038543,21578469,21976342,22017038,22308715,22174183,22629697,23132561,23217084,23555505,24128668,24136738,24254849,24638012,25237757,25573290,25862431,26294160,26745667,26893549,27103620,27498081,27723744,28290067,28894975,29353209,30076023,30627818,31118040,31436370,32172486,32483206,33879153,34911796,35541274,37183526,37901618,37247075,39316684,39628805,40759024,40731460,43271354,44332909,44391862,45035956,44491427,44292523,45577519,44536155,46026220,46704016,46117338,45011262,45938365,46205734,48096841,49011183,50914830,53414910,54302664,55559524,57786315,58706304,60244725,61940684,63351020,65368031,65640318,66766191,68275893,69192500,69896393,70719254,69921850,67722098,66621054,64228525,61063237,59208410,59612606,61356404,61497661,62740956,62195516,64245867,65963001,67045433,67448403,65579886,67032761,68994644,69099563,70995357,72025466,74846913,76102493,78640633,80859484,82557148,84743575,85427392,87003646,88633743,89485139,88521335,89995570,91127711,92840381,94563290,95239076,97592103,99787897,101451223,104037824,105100166,106340169,108415110,103978606,109422952,112317529,112798322,115670958,109838462,117465807,122307891,130656525,136273426,143804497,147420124,151597877,152206047,146360877,142745564,143702050,147350327,153212310,152056717,156278786,161885618,164874727,168988769,169760700,169608637,175931076,181137271,182866812,182979889
"Households and nonprofit organizations; directly and indirectly held debt securities as a percentage of total assets","Percent","1","NA",Z1/Z1/FL154022376.Q,FL154022376.Q,4.415669175504455,3.628865925748820,3.035026069535968,2.808918933383608,2.573684903382658,2.410902882488593,2.212225486688143,2.366627234912300,2.478949714596050,2.572730069816637,2.592936597832944,2.577944336832620,2.833077027927213,2.826494201969155,2.740410933371137,2.728718653266157,2.651371679021698,2.523504115476154,2.476710915957458,2.545966785472324,2.578139687883191,2.637634384458712,2.664856249840273,2.727066482601550,2.775899184809111,2.852263019318823,2.818018378715492,2.938650386830414,2.936058202385871,3.059042063358255,3.070102942489982,3.052009374144197,2.931294449228406,2.782284274139960,2.793142839553984,2.900549883777374,2.906346859255044,3.030033239318465,3.134404174154840,3.366182258891949,3.369912165075847,3.348214137350204,3.238856640722791,3.114144865173992,3.082429185271659,3.057438631135630,3.035693168276160,3.018130554384612,3.118021343312276,3.118197121303611,2.947513378687526,2.765917529504966,2.687733293008454,2.664026742652703,2.727481955986787,2.740491618481078,2.704466937266794,2.691721647224902,2.665146887361120,2.676008916064978,2.659391280359692,2.641284546613568,2.550321512119931,2.769936023096110,2.776304471303863,2.984906995196826,2.950145356933040,2.809758911685378,2.628350208305098,2.673816244988192,2.692348448300326,2.779837596986556,2.690553851593737,2.667210845245864,2.493673633057149,2.780187748680828,2.716543792932825,3.072832856142568,3.220197562423878,3.422942309474309,3.319627011307807,3.248457821099304,3.117202311467091,2.909387350417597,2.790611002826893,2.846156234609015,2.684708257000774,2.627892418127505,2.536555559109394,2.500231953688558,2.351397570958789,2.451482131586739,2.445162111450244,2.553616917440226,2.594057901199180,2.721639142361962,2.715167891775795,2.562314750677609,2.667239434943480,2.532401704605522,2.430107210326265,2.677198679869515,2.773266037807185,2.654345410267542,2.630670613365432,2.644097802164608,2.611503973408845,2.585716225845286,2.478067902038520,2.470946563784503,2.480652826351657,2.493969166515212,2.445595032777651,2.438919618923478,2.385589822203809,2.440339373469959,2.530836703469207,2.495747930928454,2.760781965997649,2.881362289502438,2.847596540727673,2.810691474214392,2.809223542609575,2.792838873412098,2.770153737485195,2.915388171265619,2.929465259506002,3.070204378531858,3.175953474651537,3.388267216229338,3.300014568486535,3.382773601649769,3.539244508694312,3.794512831554105,3.706798892358138,3.823144789540796,4.117655557957336,4.296014551332667,4.236072026793792,4.611784467089847,4.676049877746656,4.861118753355721,5.072933033087774,5.167925981244356,5.249463741641670,5.314688920489179,5.465297683805445,5.593858957545486,5.736124554518073,5.806028809508818,5.777928100768763,5.607015923779831,5.615324867859842,5.716710546689666,5.936345996015516,5.937737931237112,5.977284667638894,5.970883751992862,5.914467428052768,5.899198483969976,6.006433715914111,6.168956058551332,6.403342398294316,6.294262721797674,6.491105338268369,6.602266499113941,6.707912264014265,6.738568716190317,6.773300212999789,6.861076341870607,6.817353342566047,7.009860905647866,6.991744365908565,6.998352261601930,7.155961768311506,7.196081074863161,7.342694221347743,7.294395590104115,7.525531888497765,7.354797553785641,7.184178961453272,7.213878488503697,7.313038067844685,7.110480390023033,7.234330790185610,7.219736193244965,7.177377543986855,6.761023315746077,6.619616747750100,6.596273619336576,6.659203625326087,6.473234095667340,6.675215350827870,6.972621987513759,6.449641400989028,6.341403892181566,6.028039165653972,5.894567420726501,5.244004733334435,4.854047120953027,4.761179455637636,4.668363335279288,4.923793403295416,4.876240022667842,4.655219818781176,4.951703709181868,4.672701338530277,4.578105878152323,4.903682366269420,5.154739810685095,5.231084893730361,5.131101053281366,4.932297267844529,4.782852400229818,4.855840042302030,5.877023279017787,5.493919649607486,5.660066788662721,5.669563070224027,5.478084304527163,5.577048222967343,5.159151765084827,5.212739678978333,5.118022883915125,5.048636600189444,5.004057172914637,4.778762446201964,4.884265958155558,4.769458704508265,5.310821220865592,5.477570895045806,5.695747204196350,5.990998083052048,6.362188843454973,6.910620254927615,7.561281689131354,7.252551482070990,7.645182771411680,7.576715135533487,8.003770684995004,8.491386227216291,8.398944162261303,8.300564834350626,8.048232838944465,8.209440669430991,8.812559485622169,8.896388966234028,8.822372678835668,9.197629032130374,9.304587049980272,9.162050662459514,8.720626578286854,7.870858892168680,7.448677502854825,7.099875426532651,7.035014544862431,7.054646940619510,7.028704138012359,6.948207187930698,6.957033000346942,6.765867292475264,7.133794320368213,6.799155395849138,6.946329692964873,7.061121429889545,6.885536658377283,6.572791724673049,6.513103430875209,6.582360929127512,6.515822062282528,6.457355098616839,6.476058975598940,6.551792118175973,6.646691099037608,6.956974533965710,6.954056569910500,7.163066135558470,7.293942367617785,7.140494280726418,7.121746440749030,6.686831825784162,6.517194172836350,6.292784568858815,5.648767599724118,5.413477787495668,5.397987997533075,5.106843002778198,4.937122174908996,4.963845038411082,5.226730181625095,5.723943580098142,6.035799030044468,5.878226754906080,5.894114393563163,6.071794386198078,5.906109983162928,5.909432317085033,6.059995656616925,5.945288270537322,6.083288371565226,5.966721846386677,5.941239641302910,5.970077752299570,5.955277527638276
"Households and nonprofit organizations; directly and indirectly held debt securities as a percentage of disposable personal income; assets","Percent","1","NA",Z1/Z1/FL154022386.Q,FL154022386.Q,5.706053065305660,4.769913841810727,4.171625425617549,3.940818481933826,3.664436151150638,3.495444939511810,3.231645034680756,3.457884329655156,3.634275262112018,3.770213720712281,3.830540697926202,3.827319540090429,4.235608155967178,4.249025454750354,4.087946457667829,4.060209748616192,3.925196283769346,3.724014314220762,3.664303884441962,3.762814895223422,3.807436783354916,3.895813117817245,3.942165968696629,4.025349600973770,4.117005051937546,4.244998054389465,4.175641237119283,4.376143699280754,4.364482969659850,4.576553932320909,4.585441101830711,4.523691532252331,4.330908689457569,4.086584019789822,4.097945654029045,4.245482881726384,4.257858229650181,4.453031717488953,4.593400853884282,4.970940926449844,4.971146915029881,4.964539426469252,4.752640459666305,4.519526877416456,4.482047593169332,4.442279379383265,4.386152518640325,4.374259418692910,4.613703815262685,4.592987968392473,4.277641927602190,4.010038944823910,3.878156209002055,3.840097268458003,3.946546808462509,3.942723451231126,3.890585263309270,3.858461865965453,3.818231199201956,3.827662916563868,3.815764579329283,3.760210514481611,3.617372421383171,3.932130962150122,3.981878112417791,4.312162063135585,4.256127557995324,4.011117347202407,3.753066551260324,3.804348365171851,3.831025102050474,3.996519574191339,3.838205282078364,3.806468032665411,3.551397778420264,3.997908564674911,3.934571592463317,4.466904222948089,4.716832164836429,5.019293839089737,4.968670291240730,4.796479506553514,4.579933065005244,4.251389331269694,4.085811824629682,4.175885451269587,3.919308144275194,3.837072709550783,3.706914090068935,3.658545982369497,3.423132676287202,3.599881431038980,3.630505312368460,3.797665642599589,3.917124146872432,4.098421458372742,4.106416153123016,3.923792051709848,4.094768071051619,3.878062243234334,3.710721805165832,4.095088278718992,4.233971206413852,4.030952291158575,4.008668575047990,4.031430851082563,3.985147391255906,3.981019833404156,3.843295954621516,3.857464372681234,3.901129074783431,3.939783428296951,3.878432052486283,3.873062377100513,3.812461216515099,3.916978513269731,4.084823217822004,4.029676931695195,4.455131403160143,4.694098566425330,4.618505719170432,4.547122592808716,4.509273848100126,4.475124769526113,4.485108725477796,4.766060252460095,4.753113140587837,5.016299703675217,5.176969591119276,5.478530160079872,5.283530678589693,5.384326239310991,5.595678791392606,5.996394015861324,5.869804649628276,6.116333794795082,6.633585555694752,6.934137213930883,6.851674093712226,7.454110899450134,7.585487750648272,7.957688805369220,8.277786280865614,8.385133975639075,8.530357494511694,8.707633008760309,8.898498975081685,9.060078953051002,9.321914624722998,9.433574432449724,9.485033049341810,9.183123246822808,9.221506603932102,9.402478522113995,9.724780775419415,9.712161033353588,9.760187939073932,9.750149558550717,9.631124648674184,9.612312120395933,9.761436664918509,10.110049058408704,10.369022573029893,10.086494451246617,10.410304233557293,10.543619755830450,10.598492085333218,10.681512118652234,10.739602039943723,10.853413379274919,10.698841072021963,10.946313306972877,10.924328956424677,10.914246544530618,11.135458911654784,11.224414920863294,11.480714514493005,11.392121676624118,11.743577790533905,11.413797887519079,11.084785886769467,10.999887410147144,11.069082089518139,10.731245960272197,10.887566842896717,10.864204991907386,10.741657605944368,10.138190054600505,9.799002997276226,9.693379363561453,9.783058186397028,9.405401439362667,9.713782598814568,10.299426316492848,9.396113800042231,9.259827090724627,8.783777892905798,8.685540490268801,7.601597646668204,7.046490540621507,7.014060383970208,6.928742179148388,7.439083827028830,7.542958709787319,7.184785163180766,7.805525657152340,7.315615056913398,7.201190427153641,7.838070996184403,8.434819187377771,8.560873745809751,8.468949844646126,8.036644606706066,7.792089357301036,7.842938698590891,9.448899758260902,8.900656609636542,9.233608196177581,9.201789293411510,8.967629821384479,9.149098105398412,8.485252424967584,8.597094532679733,8.313073359083631,8.247873580888996,8.146320631253596,7.705524305184771,7.791798790527935,7.558386221339536,8.341867232509017,8.591198066335849,8.923490230498594,9.370215954910236,10.000868511423542,11.007503617258903,12.060383893301792,11.352418390835494,11.724621979195167,11.541399261710078,12.085541150157137,12.881502253138253,12.540659558200526,12.217805660417989,11.719377008898672,11.912512825295272,12.912915073017697,12.920247663347469,12.647241427207195,13.227793642246199,13.319812231280276,13.104481418153027,12.398246134707167,11.234867455630093,10.613280177333584,10.065461837219138,9.940061069793723,9.953441882215623,9.958427838326882,9.828308201874307,9.840407058653705,9.611349372061891,10.238967827863895,9.744043606974088,9.946950702377059,10.130990446658792,9.889443835386464,9.468585040105349,9.345496052744959,9.451312932974499,9.347310232929342,9.229241414591197,9.301719759824367,9.416558338429143,9.535435466021221,10.089902704682412,9.904552376438632,10.236523608864250,10.409932710229604,10.076192658785702,10.368713538817065,9.537330977694486,9.284665988198901,8.859050330583489,7.961860942023975,7.699129573922948,7.749072931978134,7.310214250850215,7.235223177677754,7.558129289016251,7.957695114600639,8.604932598269302,9.002561721913999,8.821909145662920,8.905261849844839,9.011192575425014,8.711544676478177,8.771484523947226,8.880626222579664,8.681295017927555,8.928982952704906,8.707574596348708,8.562657582102048,8.555174584569922,8.602028912471910
"Households and nonprofit organizations; directly and indirectly held corporate equities as a percentage of total assets","Percent","1","NA",Z1/Z1/FL153064476.Q,FL153064476.Q,17.425696404349544,15.125766075251768,13.346507978428718,12.517942602625414,12.706059345651729,13.426279217947453,13.756117457526971,13.696187297103046,13.880730229559765,13.701873022852427,12.868034511862172,12.526531775182823,11.829163194910093,11.370145865434839,12.130092958854153,12.698943155413042,13.496921317613408,14.332165584275447,14.241181096061863,14.440235918699143,15.363428769910426,15.793871292702610,15.671344251683999,16.225249490410352,15.589420136088345,15.108829670364548,15.883113833313445,15.043463966312572,15.597131275011545,14.219935198260266,14.130389029597378,14.649978228784374,15.198812925675165,16.238368285864098,16.515367866963139,16.674168007769254,16.991128677516716,16.552851597744908,17.165149147044456,16.150873569346778,16.278094121988403,15.173554704845493,16.536872434548417,17.931693045506002,17.741331732291144,17.882121035152338,18.740597596409192,18.227922401772570,14.391579070625360,14.903670983681486,17.563450138400832,17.856866974307085,18.438855507333468,18.868204544638019,17.847559011120399,18.639759977705907,18.853555679267703,19.152514220832501,19.216329845535004,19.397762697754978,18.567863032062370,19.647367434743739,20.278442831145441,19.593945333171099,18.496621195918166,16.683510320941604,17.333008957550071,18.961541181612215,18.910138908269598,19.545195750074679,19.722460238727095,18.176924719164436,19.859259464332553,19.765397238501212,21.089191441345964,19.796568595654559,18.730013124778004,18.053528025197085,16.807953377930293,16.219732551297341,12.956754230965659,14.610266748440578,15.530137925013094,16.486520408895679,16.105610601711732,15.569127624383436,16.243907510764245,16.611270481557622,16.252362644476690,16.185821437829929,17.667010295842680,16.123150380915042,14.606275140622710,14.928009738253381,12.417793459789038,11.717851743664315,10.309531922487185,7.612991262094848,7.431850997380334,8.868321641881622,9.814346843308195,8.545151850122357,8.957933146793017,10.098627582643410,10.075715995838603,10.014729965305566,10.091724745854240,9.095974934669378,9.050956830250550,8.424497425172108,7.818278975214408,7.195391912796372,7.422473664053787,7.676906502798237,7.134300130286318,7.324553243740447,7.214499498599084,7.419487361186730,7.503254066135202,6.731597212195379,7.435843509624373,8.053646395111144,8.676166056636189,8.541084400354142,8.147185979133317,6.797885972138555,7.167425014898926,6.112028638140673,5.827331792702320,6.179107693880499,7.257344431793903,7.789645806036581,8.530128100992325,8.176090895669050,7.704509985821990,7.156121971828738,6.551665342792525,6.735422318925348,6.630658345634491,6.952447546304677,7.129456803487805,6.571276312716257,7.528969250710012,8.226057472447172,8.343530590339993,7.456669932382301,8.109801859142381,9.306165756650516,9.164273309310090,9.398480080736554,7.603434711552596,8.023928327030088,8.267827630089251,8.170304514843545,8.465148593138522,8.703592740232562,9.018006230678715,9.489096895150881,9.630420625394345,9.025422024982481,9.258335719884771,7.742639209383836,8.521539789682315,9.658631863194307,9.543922423129867,10.043208728021131,11.312340362074803,11.094797508096594,11.004387550110394,11.274733515549960,12.402801088704919,12.731009800849492,12.800163887535257,13.217340815760961,13.574203527850829,13.086499166387021,12.845620026733865,13.111843310234672,12.955307542359559,13.676343285943581,14.394625911815560,15.375093577700410,16.117659373764049,16.614407984030873,17.065153794500215,17.099551319428308,17.724347295373477,17.765685641940372,19.786165146711173,20.862621237608561,20.753238023668086,22.729613731128744,22.624127853606979,20.132196912233617,22.890386963650514,22.970990133899317,24.178512579729922,22.889089850376216,25.831102593918942,26.648143648581939,25.373050873928371,24.786700575448105,22.188885778687190,19.690918674664768,20.607256515452768,17.448396965298148,19.050934843260364,19.001627011352230,17.117638647409475,14.102794234834459,14.704844427195241,13.896356772221077,15.797186442119763,16.418456638006678,17.906882641073420,17.951839439622162,17.704257971119674,17.129227354936596,18.044400898390890,17.733427459355909,17.826820941278669,18.283522263902753,18.248508653667852,19.508396444866847,18.860752387107066,19.148728533510447,20.193204125307616,20.671899701851284,21.128295468488290,21.003636379570764,20.044601065944196,18.716705277230027,18.161760508057281,16.234300456295252,13.095506004847584,11.931831643499578,14.354608068657992,16.481492382387653,16.978715243488562,17.637901993133454,16.000903848857252,17.541736187596676,18.901312584220740,19.917569462917289,19.652154012372392,16.736642609319212,17.676824363059090,19.408944783957054,18.601499214074042,19.224841495689844,19.140703548361486,20.731586014094301,20.902830063913594,21.583793001209433,22.580080263108403,23.112558761142850,23.684317240547028,23.095398111489793,23.512713613751320,23.560747086876859,23.407685788468971,21.665505459144914,22.302071703686117,22.280328221259037,22.405576146668803,22.714622275794053,22.902059157998032,23.697995510490717,23.919675793266684,24.361080940422479,25.138155394598982,24.709119965745117,24.811788070387010,25.423881306832968,22.647601425988519,24.905331203340079,25.030955106539928,24.736558306324643,26.005483547545673,20.975912853194757,24.139415521975774,25.341996841264226,27.770047223556137,28.766673159863522,29.499361035544595,28.957644787352731,29.640356435401500,28.044368382907376,24.149824701963912,23.482874216455993,24.696517929756745,25.625538292027827,26.252241782129904,25.466642247660698,27.261008892498822,28.707065947813604,28.775570845046587,29.931429513445096,30.125871893707917,29.357418170333222,30.813628737984093,32.177088444996663,32.596333442732707,31.680702154399544
"Households and nonprofit organizations; directly and indirectly held corporate equities as a percentage of financial assets; assets","Percent","1","NA",Z1/Z1/FL153064486.Q,FL153064486.Q,22.517979592926643,19.881859083963420,18.344696470608319,17.562251077424037,18.091003736967163,19.466076418807827,20.095098327727150,20.011529797352999,20.349906331827263,20.079444119023922,19.009924863262203,18.597391397374345,17.685258682601273,17.092566180676830,18.094793718155724,18.895452169469863,19.981380135195241,21.150427083632106,21.069885416630228,21.341965305859670,22.688950521931680,23.327710362653256,23.182879000104091,23.949655051906518,23.121056343934242,22.486338784463328,23.535043489132352,22.402242997861908,23.185308033069560,21.274078290215716,21.104851483782131,21.714213272957579,22.455837210954151,23.850710353810499,24.230439996373303,24.405680881386782,24.892354758080547,24.326588970431619,25.155151144585620,23.850472805418008,24.012731909072585,22.498474554411217,24.265911624676313,26.024084358778904,25.797021897625928,25.981675224855582,27.077545322208017,26.418228042959736,21.295070159867372,21.952551057551965,25.489333228685112,25.888961343083576,26.605601887163179,27.197827849289379,25.824635392940699,26.816874130836858,27.122300840871265,27.454267358822747,27.530336319671566,27.745833168479521,26.641658410641416,27.970571252812359,28.762914596209242,27.815068100064071,26.528535272329112,24.101923578074999,25.006055011438900,27.068858629453128,27.002113185700242,27.809215999093002,28.063692980176842,26.132618508898592,28.330194740021668,28.207875982280189,30.034446625501644,28.467455544070795,27.128065359717525,26.243985387509465,24.619699127533522,23.784100433440582,19.393094344338486,21.572650440158885,22.817573285252678,24.091194651712062,23.580676121714895,22.843051532114334,23.713891010606357,24.254665904918589,23.751150203417417,23.684431320606620,25.719393854499074,23.676056585628626,21.686970873475016,22.200506782428914,18.751331105496131,17.645504242192175,15.592121778499060,11.658128493404114,11.409439203020396,13.580745605127580,14.986298003714275,13.070808470223630,13.676160345038934,15.336016870430813,15.353577858976101,15.269363831527590,15.399942314358292,14.004342880753736,14.037349720134992,13.151720539667791,12.295197095288032,11.366734680905340,11.771188353578415,12.191110161158210,11.401474931079528,11.756609751469320,11.644352642920845,11.979630111625774,12.108157481334564,10.966611501317193,12.060165576434029,13.029148810414402,13.926698287819702,13.685865920342341,13.190970027632448,11.113145910343942,11.629283505563366,9.986230122250268,9.498854353177350,9.991073815299272,11.619464446201162,12.398699779354610,13.486453616111971,12.920515675222607,12.200275723379065,11.448488892106260,10.554800412993822,10.871551293678170,10.724820003928642,11.237367097831330,11.565404276160878,10.757229889640490,12.285436840204401,13.347055327051724,13.558203695628579,12.217073512680079,13.204232908580755,15.072706899715877,14.893082005991015,15.270551404829321,12.481780366563152,13.141521934740167,13.577456137475128,13.437992372104912,13.867405025730756,14.236178026175384,14.725321034765440,15.495212726662199,15.682186535072793,14.706264547322705,15.046309012411019,12.689093828107383,13.799049455753783,15.477863095444325,15.306350895355553,16.038700341905862,17.873482102208715,17.586704095187464,17.448324932456462,17.835298353795377,19.464386108232496,19.880226422461540,19.999758813466254,20.613040174871383,21.122944830725150,20.412262588057729,20.084847855957197,20.477599898429872,20.216732076642678,21.224108068853877,22.210101809649498,23.444295401524119,24.395838370313104,25.074719116181672,25.682818219204854,25.731276854371110,26.526244268041076,26.639739145523656,29.289413415530962,30.658113026362461,30.488650980656899,33.025399443842694,32.922662102649284,29.737748447856156,33.347696013685592,33.542635094556886,35.231802323257767,33.726667707931789,37.444216524176149,38.684398289893089,37.378996656921316,36.788194368070627,33.523945424994182,30.459490474284578,31.804880677976183,27.504454666031709,29.826281564031650,29.888853201822119,27.360921239174296,23.076726231854668,24.065049440102136,22.936119812332876,25.739805678150734,26.748490341490168,28.922407166077058,28.862422911779483,28.682531012373847,27.943941300399505,29.286344103810695,29.029639574633155,29.244741515315472,30.070893179894430,30.096295544678931,31.686988206704903,30.812497244002902,31.173041578969901,32.560569172209313,32.977582399223984,33.483006614243706,32.991045789660170,31.438595906438412,29.323340854283813,28.405887587124862,25.519063994048992,20.859029204420576,19.031491761204656,22.469267130984214,25.275951355810218,25.863204313565223,26.632895760004651,24.273501813010050,26.191975722004130,27.821307162753872,29.002827118439662,28.516746285626098,24.523958672187078,25.672095671520328,27.823536758870461,26.752198004574680,27.520971916669534,27.376949028193305,29.474408043749513,29.836708856423535,30.753760291489428,32.011679433178216,32.656683806394106,33.416339209888307,32.722085177388301,33.258967357761918,33.325606178567170,33.252122215674660,31.095992316070088,31.961669730221033,31.904809625448433,32.146547846202175,32.624179113937558,32.992083701209111,34.003685931254800,34.345175479069972,34.947329589884887,35.928968023449350,35.490305183946475,35.660723910542160,36.473453615467520,32.846475686664789,35.472267859219912,35.770989413116737,35.304077613052570,36.697216202138677,30.539311305092255,34.429697267611509,36.103263138272965,39.094973511985124,40.546233743918357,41.954435184938575,41.570100099900749,42.428826556147555,41.098287005847631,36.771393142229982,35.752668864756984,37.126828597053084,38.221201365869781,39.398767949642725,38.476877527081768,40.458254233556112,42.343080004929980,42.712135581168248,43.863040978611416,43.989722563601383,43.090491584058874,44.968070865021971,46.374394398792028,46.710836104608283,45.760808733901328