quarter,wealth_group,housing_wealth_million_usd,financial_wealth_million_usd,liquid_assets_million_usd
1989Q3,bottom50,825615.0,514840.0,170029.0
1989Q3,middle40,3425336.0,4670081.0,1235397.0
1989Q3,top10,2642218.0,9618493.0,1913683.0
1989Q4,bottom50,823610.0,525974.0,173880.0
1989Q4,middle40,3445677.0,4797207.0,1262676.0
1989Q4,top10,2725030.0,9802446.0,1940730.0
1990Q1,bottom50,850154.0,531171.0,175374.0
1990Q1,middle40,3446873.0,4870431.0,1276493.0
1990Q1,top10,2715957.0,9776809.0,1952264.0
1990Q2,bottom50,832969.0,537515.0,176425.0
1990Q2,middle40,3469957.0,4967885.0,1284838.0
1990Q2,top10,2782237.0,9924752.0,1931652.0
1990Q3,bottom50,876084.0,538867.0,178653.0
1990Q3,middle40,3500067.0,5006349.0,1302788.0
1990Q3,top10,2786574.0,9719649.0,1947916.0
1990Q4,bottom50,904808.0,551760.0,182269.0
1990Q4,middle40,3460919.0,5153428.0,1328009.0
1990Q4,top10,2780668.0,10056664.0,1966756.0
1991Q1,bottom50,901273.0,564448.0,184643.0
1991Q1,middle40,3435771.0,5293417.0,1348364.0
1991Q1,top10,2810359.0,10371427.0,2001082.0
1991Q2,bottom50,913945.0,567101.0,182471.0
1991Q2,middle40,3450601.0,5357267.0,1336736.0
1991Q2,top10,2838265.0,10369136.0,1944427.0
1991Q3,bottom50,955265.0,574929.0,182407.0
1991Q3,middle40,3482260.0,5460460.0,1338923.0
1991Q3,top10,2832864.0,10544255.0,1920084.0
1991Q4,bottom50,977142.0,589040.0,184123.0
1991Q4,middle40,3488489.0,5612784.0,1352310.0
1991Q4,top10,2864954.0,10971214.0,1917712.0
1992Q1,bottom50,981200.0,586237.0,177185.0
1992Q1,middle40,3497018.0,5644067.0,1314521.0
1992Q1,top10,2916327.0,10894125.0,1844914.0
1992Q2,bottom50,982394.0,593419.0,176376.0
1992Q2,middle40,3511808.0,5712846.0,1311117.0
1992Q2,top10,2953851.0,10905531.0,1803533.0
1992Q3,bottom50,1052111.0,605050.0,177001.0
1992Q3,middle40,3564037.0,5815801.0,1317047.0
1992Q3,top10,2947840.0,11102551.0,1782882.0
1992Q4,bottom50,1082524.0,624964.0,178671.0
1992Q4,middle40,3607461.0,5922263.0,1321926.0
1992Q4,top10,2962219.0,11537127.0,1793695.0
1993Q1,bottom50,1033957.0,636641.0,174504.0
1993Q1,middle40,3598473.0,5975742.0,1293003.0
1993Q1,top10,3037675.0,11766800.0,1764964.0
1993Q2,bottom50,1073911.0,648814.0,173947.0
1993Q2,middle40,3669052.0,6020802.0,1284697.0
1993Q2,top10,3037124.0,11915501.0,1758758.0
1993Q3,bottom50,1117732.0,663643.0,174240.0
1993Q3,middle40,3754403.0,6086547.0,1281896.0
1993Q3,top10,3023885.0,12185867.0,1765010.0
1993Q4,bottom50,1142647.0,677109.0,173748.0
1993Q4,middle40,3819293.0,6149112.0,1275121.0
1993Q4,top10,3044801.0,12489531.0,1772529.0
1994Q1,bottom50,1122845.0,684983.0,172421.0
1994Q1,middle40,3865238.0,6163997.0,1263499.0
1994Q1,top10,3094286.0,12528119.0,1775162.0
1994Q2,bottom50,1137353.0,693530.0,169666.0
1994Q2,middle40,3940755.0,6185877.0,1241984.0
1994Q2,top10,3112354.0,12624953.0,1750704.0
1994Q3,bottom50,1189064.0,708665.0,170091.0
1994Q3,middle40,4018231.0,6248119.0,1240599.0
1994Q3,top10,3086345.0,12856079.0,1767898.0
1994Q4,bottom50,1233141.0,718917.0,170331.0
1994Q4,middle40,4049746.0,6280618.0,1238654.0
1994Q4,top10,3078910.0,13039492.0,1790896.0
1995Q1,bottom50,1262167.0,738392.0,172109.0
1995Q1,middle40,4078138.0,6374860.0,1245833.0
1995Q1,top10,3074899.0,13386806.0,1828540.0
1995Q2,bottom50,1342368.0,761994.0,174953.0
1995Q2,middle40,4147407.0,6517344.0,1259759.0
1995Q2,top10,3018533.0,13755779.0,1882535.0
1995Q3,bottom50,1415165.0,783037.0,174839.0
1995Q3,middle40,4070592.0,6662743.0,1254956.0
1995Q3,top10,2927381.0,14184491.0,1897451.0
1995Q4,bottom50,1404646.0,803240.0,178249.0
1995Q4,middle40,4107250.0,6848331.0,1281492.0
1995Q4,top10,2977352.0,14652483.0,1912857.0
1996Q1,bottom50,1385371.0,821525.0,184239.0
1996Q1,middle40,4162734.0,7005116.0,1325339.0
1996Q1,top10,3042557.0,14918950.0,1972335.0
1996Q2,bottom50,1391767.0,835379.0,185511.0
1996Q2,middle40,4236368.0,7137065.0,1337701.0
1996Q2,top10,3072673.0,15196485.0,1942816.0
1996Q3,bottom50,1399392.0,849346.0,188613.0
1996Q3,middle40,4281669.0,7252713.0,1363185.0
1996Q3,top10,3127031.0,15314643.0,1954369.0
1996Q4,bottom50,1387128.0,872765.0,190611.0
1996Q4,middle40,4280200.0,7453640.0,1382768.0
1996Q4,top10,3221777.0,15744280.0,1962226.0
1997Q1,bottom50,1377293.0,882031.0,193316.0
1997Q1,middle40,4300329.0,7530719.0,1407476.0
1997Q1,top10,3285967.0,15814061.0,1985218.0
1997Q2,bottom50,1396956.0,914031.0,195713.0
1997Q2,middle40,4373308.0,7827704.0,1428164.0
1997Q2,top10,3324904.0,16761337.0,1970896.0
1997Q3,bottom50,1422204.0,940804.0,199102.0
1997Q3,middle40,4422095.0,8075721.0,1457020.0
1997Q3,top10,3369020.0,17419161.0,1992259.0
1997Q4,bottom50,1398535.0,952818.0,203485.0
1997Q4,middle40,4443200.0,8202302.0,1492334.0
1997Q4,top10,3488555.0,17753134.0,2024887.0
1998Q1,bottom50,1417745.0,986523.0,205124.0
1998Q1,middle40,4520450.0,8535227.0,1512458.0
1998Q1,top10,3561475.0,18850844.0,2053682.0
1998Q2,bottom50,1428223.0,996974.0,206220.0
1998Q2,middle40,4637226.0,8676780.0,1527511.0
1998Q2,top10,3672597.0,19251262.0,2044783.0
1998Q3,bottom50,1520792.0,982658.0,208501.0
1998Q3,middle40,4746546.0,8581059.0,1552250.0
1998Q3,top10,3701919.0,18590396.0,2087758.0
1998Q4,bottom50,1510851.0,1022522.0,217031.0
1998Q4,middle40,4786935.0,9015388.0,1595349.0
1998Q4,top10,3895024.0,20011330.0,2203139.0
1999Q1,bottom50,1570685.0,1025376.0,217747.0
1999Q1,middle40,4845625.0,9147208.0,1590994.0
1999Q1,top10,3973026.0,20052415.0,2246131.0
1999Q2,bottom50,1578028.0,1037225.0,216542.0
1999Q2,middle40,4963987.0,9366797.0,1571540.0
1999Q2,top10,4121470.0,20733902.0,2215719.0
1999Q3,bottom50,1639622.0,1026647.0,219629.0
1999Q3,middle40,5090369.0,9381624.0,1580719.0
1999Q3,top10,4223179.0,20460091.0,2262563.0
1999Q4,bottom50,1668307.0,1082623.0,226981.0
1999Q4,middle40,5154397.0,9875964.0,1619052.0
1999Q4,top10,4373300.0,22248157.0,2393284.0
2000Q1,bottom50,1689611.0,1099200.0,231727.0
2000Q1,middle40,5371140.0,10101298.0,1640097.0
2000Q1,top10,4529847.0,22741611.0,2477674.0
2000Q2,bottom50,1727576.0,1089092.0,232455.0
2000Q2,middle40,5574171.0,10115048.0,1631928.0
2000Q2,top10,4737832.0,22363656.0,2459103.0
2000Q3,bottom50,1794073.0,1090540.0,234370.0
2000Q3,middle40,5785096.0,10240650.0,1635083.0
2000Q3,top10,4862175.0,22524635.0,2505506.0
2000Q4,bottom50,1785252.0,1073084.0,242394.0
2000Q4,middle40,5976461.0,10180450.0,1677134.0
2000Q4,top10,5072383.0,21725745.0,2635447.0
2001Q1,bottom50,1804930.0,1059210.0,256843.0
2001Q1,middle40,6359994.0,10107905.0,1760046.0
2001Q1,top10,5372811.0,20952311.0,2856274.0
2001Q2,bottom50,1846323.0,1081414.0,259856.0
2001Q2,middle40,6551061.0,10385390.0,1766710.0
2001Q2,top10,5527980.0,21678383.0,2875595.0
2001Q3,bottom50,1907906.0,1055674.0,265427.0
2001Q3,middle40,6742897.0,10230999.0,1792503.0
2001Q3,top10,5652495.0,20677338.0,2966884.0
2001Q4,bottom50,1916035.0,1074924.0,265276.0
2001Q4,middle40,6925610.0,10508633.0,1839074.0
2001Q4,top10,5808806.0,21619531.0,3076206.0
2002Q1,bottom50,1925920.0,1079659.0,264640.0
2002Q1,middle40,7099157.0,10635780.0,1875674.0
2002Q1,top10,6002744.0,21833917.0,3106834.0
2002Q2,bottom50,1949593.0,1049948.0,258121.0
2002Q2,middle40,7221802.0,10482113.0,1874418.0
2002Q2,top10,6211235.0,21232736.0,3068027.0
2002Q3,bottom50,2027325.0,1016673.0,258780.0
2002Q3,middle40,7383105.0,10264883.0,1916898.0
2002Q3,top10,6338580.0,20179634.0,3112500.0
2002Q4,bottom50,2087401.0,1027365.0,256643.0
2002Q4,middle40,7564471.0,10465596.0,1949129.0
2002Q4,top10,6463927.0,20658265.0,3199195.0
2003Q1,bottom50,2087592.0,1024735.0,260646.0
2003Q1,middle40,7734693.0,10507517.0,2009257.0
2003Q1,top10,6668987.0,20581272.0,3261713.0
2003Q2,bottom50,2134188.0,1050787.0,259041.0
2003Q2,middle40,7904986.0,10881519.0,2035560.0
2003Q2,top10,6856766.0,21943485.0,3282688.0
2003Q3,bottom50,2214360.0,1052394.0,253056.0
2003Q3,middle40,8090442.0,10998266.0,2032108.0
2003Q3,top10,7007078.0,22504664.0,3248420.0
2003Q4,bottom50,2269018.0,1076049.0,250322.0
2003Q4,middle40,8292173.0,11323685.0,2048738.0
2003Q4,top10,7181514.0,23740875.0,3254640.0
2004Q1,bottom50,2308309.0,1088521.0,252246.0
2004Q1,middle40,8633677.0,11645572.0,2093341.0
2004Q1,top10,7492006.0,25223325.0,3306563.0
2004Q2,bottom50,2429667.0,1081872.0,250602.0
2004Q2,middle40,8900244.0,11760076.0,2114437.0
2004Q2,top10,7715687.0,25534113.0,3322090.0
2004Q3,bottom50,2497831.0,1074139.0,246423.0
2004Q3,middle40,9194962.0,11890096.0,2118588.0
2004Q3,top10,8080284.0,26054102.0,3313267.0
2004Q4,bottom50,2611128.0,1126928.0,255472.0
2004Q4,middle40,9515104.0,12235516.0,2168831.0
2004Q4,top10,8341299.0,27408656.0,3385160.0
2005Q1,bottom50,2727518.0,1150211.0,263713.0
2005Q1,middle40,9758885.0,12287954.0,2208198.0
2005Q1,top10,8647634.0,27649534.0,3419746.0
2005Q2,bottom50,2833548.0,1180562.0,268690.0
2005Q2,middle40,9965973.0,12457390.0,2228894.0
2005Q2,top10,9034776.0,28472323.0,3432333.0
2005Q3,bottom50,3004646.0,1221246.0,276713.0
2005Q3,middle40,10265001.0,12643867.0,2272782.0
2005Q3,top10,9342387.0,29349352.0,3499829.0
2005Q4,bottom50,3147548.0,1259132.0,283858.0
2005Q4,middle40,10555759.0,12827842.0,2315876.0
2005Q4,top10,9588358.0,30015536.0,3590557.0
2006Q1,bottom50,3194948.0,1307401.0,298593.0
2006Q1,middle40,10490512.0,13133744.0,2398016.0
2006Q1,top10,9689174.0,31698257.0,3713430.0
2006Q2,bottom50,3326530.0,1321370.0,304488.0
2006Q2,middle40,10604441.0,13151369.0,2428177.0
2006Q2,top10,9823524.0,31729638.0,3770685.0
2006Q3,bottom50,3434035.0,1354232.0,312362.0
2006Q3,middle40,10701638.0,13308433.0,2471930.0
2006Q3,top10,9894050.0,32527807.0,3865034.0
2006Q4,bottom50,3470137.0,1402053.0,321044.0
2006Q4,middle40,10718082.0,13555250.0,2521464.0
2006Q4,top10,9922948.0,33727732.0,3985547.0
2007Q1,bottom50,3448184.0,1444966.0,336667.0
2007Q1,middle40,10533998.0,13767202.0,2608236.0
2007Q1,top10,9883119.0,34702189.0,4143651.0
2007Q2,bottom50,3478506.0,1485150.0,339456.0
2007Q2,middle40,10406073.0,13934580.0,2616318.0
2007Q2,top10,9871189.0,35454273.0,4182571.0
2007Q3,bottom50,3515592.0,1524778.0,348083.0
2007Q3,middle40,10277007.0,14152513.0,2667954.0
2007Q3,top10,9782229.0,36336809.0,4379069.0
2007Q4,bottom50,3395453.0,1520421.0,354172.0
2007Q4,middle40,10147156.0,14187991.0,2724075.0
2007Q4,top10,9701403.0,36016321.0,4670387.0
2008Q1,bottom50,3311329.0,1499705.0,361693.0
2008Q1,middle40,9817910.0,14057467.0,2791717.0
2008Q1,top10,9428938.0,35003283.0,5007106.0
2008Q2,bottom50,3294801.0,1477194.0,345548.0
2008Q2,middle40,9525597.0,13961871.0,2698535.0
2008Q2,top10,9179145.0,34556936.0,4913872.0
2008Q3,bottom50,3212328.0,1444566.0,347290.0
2008Q3,middle40,9244658.0,13742652.0,2718262.0
2008Q3,top10,8984426.0,33202992.0,5046070.0
2008Q4,bottom50,3086345.0,1396763.0,358819.0
2008Q4,middle40,9007204.0,13312716.0,2812415.0
2008Q4,top10,8802076.0,30981043.0,5438331.0
2009Q1,bottom50,2996928.0,1362658.0,346816.0
2009Q1,middle40,8763362.0,13099073.0,2747173.0
2009Q1,top10,8607024.0,29920889.0,5413021.0
2009Q2,bottom50,2992019.0,1386120.0,336988.0
2009Q2,middle40,8513224.0,13307216.0,2689247.0
2009Q2,top10,8439543.0,30745777.0,5346897.0
2009Q3,bottom50,2989893.0,1415857.0,326061.0
2009Q3,middle40,8334371.0,13637924.0,2621362.0
2009Q3,top10,8313142.0,32432827.0,5240916.0
2009Q4,bottom50,2937071.0,1429921.0,330256.0
2009Q4,middle40,8192406.0,13749199.0,2650626.0
2009Q4,top10,8287791.0,32684005.0,5340184.0
2010Q1,bottom50,2904009.0,1432974.0,318071.0
2010Q1,middle40,8131507.0,13954348.0,2570524.0
2010Q1,top10,8279010.0,33621598.0,5190868.0
2010Q2,bottom50,2909628.0,1395166.0,307690.0
2010Q2,middle40,8027662.0,13793792.0,2508388.0
2010Q2,top10,8297356.0,33168864.0,5127200.0
2010Q3,bottom50,2933304.0,1424278.0,304925.0
2010Q3,middle40,7928403.0,14145098.0,2500791.0
2010Q3,top10,8228883.0,34866895.0,5206354.0
2010Q4,bottom50,2780402.0,1451713.0,306150.0
2010Q4,middle40,7856773.0,14581580.0,2508984.0
2010Q4,top10,8183968.0,36267918.0,5303082.0
2011Q1,bottom50,2694449.0,1477477.0,317479.0
2011Q1,middle40,7728411.0,14886588.0,2563683.0
2011Q1,top10,8067102.0,37245424.0,5374879.0
2011Q2,bottom50,2641598.0,1482183.0,326471.0
2011Q2,middle40,7642409.0,15071546.0,2606066.0
2011Q2,top10,8095057.0,37499696.0,5437438.0
2011Q3,bottom50,2642535.0,1442379.0,336488.0
2011Q3,middle40,7640040.0,14863126.0,2654465.0
2011Q3,top10,8008861.0,35956142.0,5507725.0
2011Q4,bottom50,2560662.0,1474534.0,347689.0
2011Q4,middle40,7594154.0,15230242.0,2714429.0
2011Q4,top10,7971152.0,37018176.0,5623906.0
2012Q1,bottom50,2467826.0,1507217.0,352943.0
2012Q1,middle40,7488932.0,15671306.0,2730914.0
2012Q1,top10,7980149.0,38537653.0,5620201.0
2012Q2,bottom50,2516705.0,1486127.0,353605.0
2012Q2,middle40,7537365.0,15683137.0,2720773.0
2012Q2,top10,8067931.0,38384330.0,5578395.0
2012Q3,bottom50,2524253.0,1503037.0,356848.0
2012Q3,middle40,7656047.0,16033427.0,2734432.0
2012Q3,top10,8179483.0,39565309.0,5625083.0
2012Q4,bottom50,2508690.0,1514873.0,373991.0
2012Q4,middle40,7750221.0,16245798.0,2835865.0
2012Q4,top10,8274966.0,40008030.0,5845751.0
2013Q1,bottom50,2486269.0,1548487.0,378038.0
2013Q1,middle40,7940603.0,16732907.0,2843274.0
2013Q1,top10,8515703.0,41739102.0,5815224.0
2013Q2,bottom50,2549486.0,1552579.0,383001.0
2013Q2,middle40,8130497.0,16939275.0,2859243.0
2013Q2,top10,8759694.0,42114683.0,5819402.0
2013Q3,bottom50,2623150.0,1582079.0,391207.0
2013Q3,middle40,8378481.0,17403571.0,2899541.0
2013Q3,top10,8951437.0,43490367.0,5895660.0
2013Q4,bottom50,2609117.0,1615642.0,392208.0
2013Q4,middle40,8574006.0,17779680.0,2908329.0
2013Q4,top10,9104663.0,45005932.0,5976437.0
2014Q1,bottom50,2586877.0,1633189.0,401119.0
2014Q1,middle40,8701490.0,17964185.0,2962831.0
2014Q1,top10,9292689.0,46194447.0,6123222.0
2014Q2,bottom50,2634510.0,1650254.0,400750.0
2014Q2,middle40,8872118.0,18183167.0,2956562.0
2014Q2,top10,9499693.0,47630765.0,6138849.0
2014Q3,bottom50,2628507.0,1640170.0,403856.0
2014Q3,middle40,9066463.0,18168361.0,2979625.0
2014Q3,top10,9700732.0,47814310.0,6249881.0
2014Q4,bottom50,2588416.0,1650721.0,406315.0
2014Q4,middle40,9201616.0,18313121.0,2998572.0
2014Q4,top10,9855686.0,48874138.0,6350733.0
2015Q1,bottom50,2570697.0,1669591.0,420993.0
2015Q1,middle40,9350801.0,18496792.0,3084994.0
2015Q1,top10,10051165.0,49811460.0,6534443.0
2015Q2,bottom50,2596858.0,1662445.0,421061.0
2015Q2,middle40,9521462.0,18488277.0,3085428.0
2015Q2,top10,10298234.0,50213742.0,6580950.0
2015Q3,bottom50,2646082.0,1622553.0,420899.0
2015Q3,middle40,9765030.0,18219988.0,3093906.0
2015Q3,top10,10443380.0,49220134.0,6683585.0
2015Q4,bottom50,2655204.0,1645585.0,431440.0
2015Q4,middle40,9964205.0,18410054.0,3162739.0
2015Q4,top10,10560901.0,50134420.0,6867675.0
2016Q1,bottom50,2631571.0,1661038.0,442794.0
2016Q1,middle40,10099629.0,18557865.0,3230764.0
2016Q1,top10,10730197.0,50783568.0,7022661.0
2016Q2,bottom50,2621648.0,1666659.0,438001.0
2016Q2,middle40,10326357.0,18693538.0,3197485.0
2016Q2,top10,11048016.0,51737681.0,6986092.0
2016Q3,bottom50,2747066.0,1689185.0,447328.0
2016Q3,middle40,10608160.0,18913610.0,3252381.0
2016Q3,top10,11147409.0,52687985.0,7113982.0
2016Q4,bottom50,2745191.0,1712382.0,456727.0
2016Q4,middle40,10845011.0,19014236.0,3322864.0
2016Q4,top10,11312674.0,52831967.0,7149212.0
2017Q1,bottom50,2768845.0,1765477.0,472003.0
2017Q1,middle40,11027748.0,19414297.0,3426412.0
2017Q1,top10,11522228.0,54286782.0,7230958.0
2017Q2,bottom50,2860041.0,1790068.0,467904.0
2017Q2,middle40,11232187.0,19662702.0,3417124.0
2017Q2,top10,11746907.0,55517501.0,7132971.0
2017Q3,bottom50,2925540.0,1830564.0,472656.0
2017Q3,middle40,11479878.0,19937150.0,3470367.0
2017Q3,top10,11940458.0,56464090.0,7174619.0
2017Q4,bottom50,2980105.0,1881630.0,483248.0
2017Q4,middle40,11685350.0,20340042.0,3560705.0
2017Q4,top10,12081081.0,58173574.0,7286380.0
2018Q1,bottom50,3038538.0,1906871.0,502110.0
2018Q1,middle40,11964260.0,20481052.0,3688051.0
2018Q1,top10,12366608.0,58417641.0,7409834.0
2018Q2,bottom50,3118999.0,1925106.0,499744.0
2018Q2,middle40,12099390.0,20652845.0,3696484.0
2018Q2,top10,12543806.0,59143409.0,7365183.0
2018Q3,bottom50,3171347.0,1957256.0,493127.0
2018Q3,middle40,12319805.0,20948622.0,3674783.0
2018Q3,top10,12709772.0,60540479.0,7251360.0
2018Q4,bottom50,3206261.0,1898056.0,506823.0
2018Q4,middle40,12087119.0,20404140.0,3794764.0
2018Q4,top10,12457465.0,57323463.0,7455063.0
2019Q1,bottom50,3165188.0,2001664.0,523335.0
2019Q1,middle40,11981413.0,21309153.0,3926111.0
2019Q1,top10,12533364.0,61529353.0,7657925.0
2019Q2,bottom50,3246315.0,2033698.0,516149.0
2019Q2,middle40,12475812.0,21662703.0,3897206.0
2019Q2,top10,12979933.0,62909986.0,7512053.0
2019Q3,bottom50,3405386.0,2053424.0,519461.0
2019Q3,middle40,12450456.0,21858972.0,3961702.0
2019Q3,top10,12873236.0,63184662.0,7665255.0
2019Q4,bottom50,3384811.0,2162282.0,548231.0
2019Q4,middle40,12406240.0,22749059.0,4150201.0
2019Q4,top10,12780794.0,65259939.0,7982672.0
2020Q1,bottom50,3467658.0,2079623.0,582219.0
2020Q1,middle40,12882076.0,22060898.0,4401738.0
2020Q1,top10,13160480.0,59101383.0,8577835.0
2020Q2,bottom50,3547023.0,2282631.0,641993.0
2020Q2,middle40,13157607.0,23628021.0,4783780.0
2020Q2,top10,13358023.0,64269218.0,9262677.0
2020Q3,bottom50,3657477.0,2388827.0,660019.0
2020Q3,middle40,13735896.0,24503941.0,4881399.0
2020Q3,top10,13842767.0,66809439.0,9280507.0
2020Q4,bottom50,3773848.0,2567450.0,704201.0
2020Q4,middle40,14229106.0,26018458.0,5140225.0
2020Q4,top10,14284194.0,72209359.0,9601102.0
2021Q1,bottom50,3887731.0,2697094.0,759427.0
2021Q1,middle40,15002365.0,26975857.0,5482835.0
2021Q1,top10,15015747.0,75041774.0,10155184.0
2021Q2,bottom50,4117563.0,2800357.0,768425.0
2021Q2,middle40,16420829.0,27966798.0,5538733.0
2021Q2,top10,16298476.0,78690299.0,10183944.0
2021Q3,bottom50,4269294.0,2847568.0,781533.0
2021Q3,middle40,17242390.0,28469861.0,5613419.0
2021Q3,top10,17032109.0,79804609.0,10219591.0
2021Q4,bottom50,4359637.0,2958982.0,817040.0
2021Q4,middle40,17511027.0,29408413.0,5838258.0
2021Q4,top10,17317293.0,82185848.0,10581570.0
2022Q1,bottom50,4561227.0,2946534.0,838764.0
2022Q1,middle40,18857373.0,29260073.0,5967394.0
2022Q1,top10,18546998.0,80221187.0,10725776.0
2022Q2,bottom50,4823243.0,2809406.0,835506.0
2022Q2,middle40,19958299.0,28118563.0,5957008.0
2022Q2,top10,19477916.0,73596224.0,10683553.0
2022Q3,bottom50,4763162.0,2776711.0,827365.0
2022Q3,middle40,19282099.0,27878140.0,5920664.0
2022Q3,top10,18876195.0,71731639.0,10613048.0
2022Q4,bottom50,4651506.0,2807420.0,809170.0
2022Q4,middle40,18836878.0,28196844.0,5831138.0
2022Q4,top10,18467469.0,73478891.0,10542065.0
2023Q1,bottom50,4681816.0,2851083.0,792320.0
2023Q1,middle40,18970117.0,28760467.0,5769186.0
2023Q1,top10,18557612.0,76127034.0,10612831.0
2023Q2,bottom50,4736329.0,2901246.0,784568.0
2023Q2,middle40,20430073.0,29287590.0,5743512.0
2023Q2,top10,19547685.0,78796940.0,10673041.0
2023Q3,bottom50,4757718.0,2863020.0,776899.0
2023Q3,middle40,20724349.0,29001353.0,5716869.0
2023Q3,top10,19718501.0,77684545.0,10735567.0
2023Q4,bottom50,4713991.0,2973259.0,783206.0
2023Q4,middle40,20470610.0,29985570.0,5772939.0
2023Q4,top10,19611947.0,81496382.0,10930709.0
2024Q1,bottom50,4737303.0,3075523.0,798494.0
2024Q1,middle40,21082724.0,30792907.0,5873034.0
2024Q1,top10,20051451.0,85081191.0,11131082.0
2024Q2,bottom50,4778969.0,3084772.0,781233.0
2024Q2,middle40,22097273.0,30976794.0,5779165.0
2024Q2,top10,20722119.0,86171810.0,11019931.0
2024Q3,bottom50,4779469.0,3162975.0,783966.0
2024Q3,middle40,21919258.0,31724730.0,5814011.0
2024Q3,top10,20616780.0,89802876.0,11182782.0
2024Q4,bottom50,4790127.0,3192914.0,799402.0
2024Q4,middle40,21685404.0,31915107.0,5932830.0
2024Q4,top10,20455454.0,90490411.0,11541239.0
2025Q1,bottom50,4752549.0,3185957.0,813856.0
2025Q1,middle40,21951561.0,31856778.0,6032223.0
2025Q1,top10,20789165.0,89770350.0,11749993.0
2025Q2,bottom50,4785085.0,3286535.0,813768.0
2025Q2,middle40,22591201.0,32754691.0,6041435.0
2025Q2,top10,21264428.0,93864214.0,11791454.0
2025Q3,bottom50,4829084.0,3380080.0,819637.0
2025Q3,middle40,22361542.0,33614615.0,6094397.0
2025Q3,top10,21077658.0,98285970.0,11980906.0
2025Q4,bottom50,4869885.0,3424161.0,827070.0
2025Q4,middle40,22172445.0,33983706.0,6161864.0
2025Q4,top10,20871092.0,99991794.0,12259822.0
2026Q1,bottom50,4826745.0,3411727.0,847489.0
2026Q1,middle40,22650205.0,33856427.0,6289324.0
2026Q1,top10,21246392.0,99114514.0,12521954.0
