quarter,housing_wealth_million_usd,financial_wealth_million_usd,liquid_assets_million_usd
1945Q4,116049,,
1946Q4,133422,,
1947Q4,177473,,
1948Q4,199326,,
1949Q4,216535,,
1950Q4,243315,,
1951Q4,270874,,
1952Q1,273170,,
1952Q2,283505,,
1952Q3,284584,,
1952Q4,294752,,
1953Q1,300182,,
1953Q2,306680,,
1953Q3,316348,,
1953Q4,315055,,
1954Q1,316592,,
1954Q2,320732,,
1954Q3,329781,,
1954Q4,337554,,
1955Q1,341601,,
1955Q2,350860,,
1955Q3,360688,,
1955Q4,367383,,
1956Q1,375328,,
1956Q2,383760,,
1956Q3,390218,,
1956Q4,394263,,
1957Q1,401222,,
1957Q2,408017,,
1957Q3,414670,,
1957Q4,417162,,
1958Q1,414465,,
1958Q2,419841,,
1958Q3,429327,,
1958Q4,438440,,
1959Q1,438052,,
1959Q2,447672,,
1959Q3,456362,,
1959Q4,463647,,
1960Q1,475580,,
1960Q2,479638,,
1960Q3,485654,,
1960Q4,486897,,
1961Q1,484488,,
1961Q2,494136,,
1961Q3,502979,,
1961Q4,511054,,
1962Q1,518133,,
1962Q2,522112,,
1962Q3,525874,,
1962Q4,533162,,
1963Q1,539625,,
1963Q2,540004,,
1963Q3,549322,,
1963Q4,553248,,
1964Q1,553844,,
1964Q2,565045,,
1964Q3,569664,,
1964Q4,579830,,
1965Q1,585435,,
1965Q2,589142,,
1965Q3,593543,,
1965Q4,605593,,
1966Q1,604127,,
1966Q2,630518,,
1966Q3,631432,,
1966Q4,648979,,
1967Q1,651709,,
1967Q2,659242,,
1967Q3,668871,,
1967Q4,685689,,
1968Q1,706181,,
1968Q2,721691,,
1968Q3,732574,,
1968Q4,768164,,
1969Q1,789668,,
1969Q2,804195,,
1969Q3,812973,,
1969Q4,832441,,
1970Q1,834315,,
1970Q2,861308,,
1970Q3,859007,,
1970Q4,874469,,
1971Q1,896384,,
1971Q2,917847,,
1971Q3,938482,,
1971Q4,957235,,
1972Q1,994999,,
1972Q2,1011650,,
1972Q3,1046653,,
1972Q4,1098624,,
1973Q1,1125134,,
1973Q2,1164853,,
1973Q3,1216897,,
1973Q4,1251410,,
1974Q1,1234864,,
1974Q2,1224908,,
1974Q3,1228579,,
1974Q4,1261141,,
1975Q1,1320641,,
1975Q2,1376129,,
1975Q3,1374568,,
1975Q4,1413658,,
1976Q1,1444386,,
1976Q2,1510149,,
1976Q3,1541764,,
1976Q4,1589977,,
1977Q1,1650002,,
1977Q2,1740633,,
1977Q3,1809353,,
1977Q4,1886806,,
1978Q1,1953165,,
1978Q2,2047892,,
1978Q3,2129042,,
1978Q4,2210877,,
1979Q1,2324853,,
1979Q2,2438382,,
1979Q3,2527395,,
1979Q4,2603271,,
1980Q1,2709296,,
1980Q2,2784958,,
1980Q3,2898047,,
1980Q4,2943161,,
1981Q1,2976773,,
1981Q2,3145246,,
1981Q3,3243369,,
1981Q4,3292960,,
1982Q1,3379724,,
1982Q2,3402543,,
1982Q3,3409839,,
1982Q4,3447373,,
1983Q1,3500620,,
1983Q2,3548174,,
1983Q3,3594626,,
1983Q4,3639466,,
1984Q1,3815839,,
1984Q2,3953991,,
1984Q3,4087621,,
1984Q4,4209390,,
1985Q1,4345136,,
1985Q2,4508123,,
1985Q3,4684390,,
1985Q4,4851839,,
1986Q1,4956078,,
1986Q2,5099152,,
1986Q3,5241843,,
1986Q4,5370919,,
1987Q1,5507465,,
1987Q2,5652809,,
1987Q3,5791918,,
1987Q4,5886157,12583708,2992086
1988Q1,6027537,12941345,3075661
1988Q2,6213264,13210597,3103091
1988Q3,6339667,13429858,3147337
1988Q4,6448126,13829676,3214811
1989Q1,6562274,14124280,3248032
1989Q2,6695064,14426930,3263205
1989Q3,6893169,14803415,3319111
1989Q4,6994317,15125626,3377285
1990Q1,7012984,15178411,3404130
1990Q2,7085162,15430151,3392916
1990Q3,7162726,15264864,3429358
1990Q4,7146396,15761852,3477035
1991Q1,7147403,16229291,3534089
1991Q2,7202811,16293504,3463633
1991Q3,7270390,16579644,3441415
1991Q4,7330585,17173038,3454145
1992Q1,7394546,17124428,3336620
1992Q2,7448054,17211796,3291027
1992Q3,7563988,17523401,3276931
1992Q4,7652203,18084353,3294292
1993Q1,7670105,18379183,3232469
1993Q2,7780087,18585117,3217401
1993Q3,7896020,18936057,3221145
1993Q4,8006742,19315752,3221398
1994Q1,8082369,19377098,3211082
1994Q2,8190463,19504360,3162354
1994Q3,8293641,19812863,3178589
1994Q4,8361797,20039027,3199880
1995Q1,8415203,20500058,3246480
1995Q2,8508308,21035116,3317247
1995Q3,8413137,21630271,3327246
1995Q4,8489248,22304055,3372598
1996Q1,8590662,22745590,3481913
1996Q2,8700808,23168929,3466028
1996Q3,8808093,23416702,3506167
1996Q4,8889105,24070684,3535605
1997Q1,8963588,24226811,3586011
1997Q2,9095169,25503072,3594774
1997Q3,9213319,26435686,3648380
1997Q4,9330289,26908253,3720705
1998Q1,9499670,28372593,3771265
1998Q2,9738045,28925016,3778514
1998Q3,9969257,28154113,3848507
1998Q4,10192809,30049241,4015519
1999Q1,10389337,30224999,4054873
1999Q2,10663484,31137925,4003801
1999Q3,10953170,30868363,4062911
1999Q4,11196005,33206745,4239316
2000Q1,11590598,33942108,4349499
2000Q2,12039579,33567797,4323487
2000Q3,12441344,33855825,4374958
2000Q4,12834096,32979277,4554976
2001Q1,13537735,32119425,4873163
2001Q2,13925364,33145187,4902161
2001Q3,14303298,31964012,5024815
2001Q4,14650451,33203087,5180555
2002Q1,15027821,33549355,5247148
2002Q2,15382630,32764797,5200567
2002Q3,15749009,31461190,5288176
2002Q4,16115799,32151227,5404967
2003Q1,16491272,32113522,5531616
2003Q2,16895940,33875790,5577290
2003Q3,17311879,34555323,5533584
2003Q4,17742705,36140608,5553700
2004Q1,18433992,37957419,5652150
2004Q2,19045598,38376060,5687129
2004Q3,19773076,39018336,5678278
2004Q4,20467531,40771100,5809463
2005Q1,21134037,41087698,5891657
2005Q2,21834296,42110274,5929918
2005Q3,22612034,43214465,6049325
2005Q4,23291664,44102510,6190291
2006Q1,23374634,46139402,6410038
2006Q2,23754495,46202378,6503351
2006Q3,24029723,47190471,6649325
2006Q4,24111167,48685034,6828054
2007Q1,23865300,49914357,7088554
2007Q2,23755768,50874003,7138346
2007Q3,23574828,52014100,7395107
2007Q4,23244012,51724733,7748634
2008Q1,22558177,50560454,8160516
2008Q2,21999544,49996000,7957955
2008Q3,21441412,48390211,8111622
2008Q4,20895625,45690521,8609564
2009Q1,20367313,44382620,8507011
2009Q2,19944786,45439113,8373132
2009Q3,19637406,47486608,8188339
2009Q4,19417267,47863125,8321065
2010Q1,19314526,49008921,8079462
2010Q2,19234646,48357822,7943277
2010Q3,19090590,50436270,8012070
2010Q4,18821143,52301211,8118216
2011Q1,18489962,53609488,8256040
2011Q2,18379064,54053426,8369975
2011Q3,18291436,52261647,8498677
2011Q4,18125968,53722952,8686025
2012Q1,17936907,55716175,8704058
2012Q2,18122001,55553596,8652773
2012Q3,18359783,57101773,8716363
2012Q4,18533877,57768701,9055608
2013Q1,18942574,60020497,9036538
2013Q2,19439677,60606538,9061647
2013Q3,19953067,62476017,9186409
2013Q4,20287786,64401253,9276975
2014Q1,20581056,65791820,9487170
2014Q2,21006321,67464185,9496162
2014Q3,21395703,67622841,9633361
2014Q4,21645718,68837979,9755620
2015Q1,21972663,69977843,10040430
2015Q2,22416554,70364464,10087439
2015Q3,22854492,69062675,10198390
2015Q4,23180311,70190059,10461855
2016Q1,23461397,71002473,10696220
2016Q2,23996022,72097878,10621579
2016Q3,24502635,73290780,10813692
2016Q4,24902876,73558584,10928803
2017Q1,25318820,75466556,11129374
2017Q2,25839134,76970271,11018001
2017Q3,26345876,78231805,11117641
2017Q4,26746536,80395245,11330334
2018Q1,27369406,80805563,11599994
2018Q2,27762195,81721361,11561412
2018Q3,28200924,83446357,11419271
2018Q4,27750845,79625660,11756652
2019Q1,27679965,84840170,12107370
2019Q2,28702059,86606387,11925409
2019Q3,28729078,87097058,12146417
2019Q4,28571844,90171280,12681103
2020Q1,29510214,83241903,13561792
2020Q2,30062654,90165044,14688450
2020Q3,31236141,93666682,14821925
2020Q4,32287148,100759937,15445528
2021Q1,33905843,104684613,16397447
2021Q2,36836867,109433823,16491102
2021Q3,38543793,111103771,16614543
2021Q4,39187957,114540032,17236868
2022Q1,41965597,112418025,17531934
2022Q2,44259458,104516307,17476066
2022Q3,42921457,102383353,17361077
2022Q4,41955852,104482022,17182373
2023Q1,42209545,107738313,17174337
2023Q2,44714088,110985776,17201122
2023Q3,45200568,109548918,17229334
2023Q4,44796549,114455211,17486852
2024Q1,45871478,118949621,17802610
2024Q2,47598362,120233375,17580329
2024Q3,47315508,124690581,17780760
2024Q4,46930984,125598433,18273470
2025Q1,47493275,124813083,18596072
2025Q2,48640714,129905440,18646658
2025Q3,48268284,135280665,18894939
2025Q4,47913423,137399661,19248756
2026Q1,48723342,136382669,19658767
